"","date_lab_plate","Title","Date","Lab","Plate","average","std_dev"
"1","2023-01-11_Demengeot_plate_1","2023-01-11 plate_1",2023-01-11,"Demengeot","plate_1",2.2415,0.0998241310648741
"2","2023-01-11_Demengeot_plate_2","2023-01-11 plate_2",2023-01-11,"Demengeot","plate_2",2.5395,0.094701033332724
"3","2023-01-11_Demengeot_plate_3","2023-01-11 plate_3",2023-01-11,"Demengeot","plate_3",2.251125,0.122244996976213
"4","2023-01-11_Demengeot_plate_4","2023-01-11 plate_4",2023-01-11,"Demengeot","plate_4",2.2775,0.0527419594413621
"5","2023-01-11_Demengeot_plate_5","2023-01-11 plate_5",2023-01-11,"Demengeot","plate_5",1.349875,0.109619390229492
"6","2023-01-17_Demengeot_plate_1","2023-01-17 plate_1",2023-01-17,"Demengeot","plate_1",2.174375,0.0747470735213093
"7","2023-01-17_Demengeot_plate_2","2023-01-17 plate_2",2023-01-17,"Demengeot","plate_2",1.808875,0.095349638549019
"8","2023-01-17_Demengeot_plate_3","2023-01-17 plate_3",2023-01-17,"Demengeot","plate_3",2.51525,0.138587517475421
"9","2023-01-17_Demengeot_plate_4","2023-01-17 plate_4",2023-01-17,"Demengeot","plate_4",1.75275,0.0745879155283022
"10","2023-01-17_Demengeot_plate_5","2023-01-17 plate_5",2023-01-17,"Demengeot","plate_5",2.316,0.121426050393998
"11","2023-01-17_Demengeot_plate_6","2023-01-17 plate_6",2023-01-17,"Demengeot","plate_6",2.3725,0.0650142841447719
"12","2023-01-24_Demengeot_plate_1","2023-01-24 plate_1",2023-01-24,"Demengeot","plate_1",1.84025,0.0658173880629471
"13","2023-01-24_Demengeot_plate_2","2023-01-24 plate_2",2023-01-24,"Demengeot","plate_2",1.537875,0.0668931717634276
"14","2023-01-24_Demengeot_plate_3","2023-01-24 plate_3",2023-01-24,"Demengeot","plate_3",1.9865,0.11008308550493
"15","2023-01-24_Demengeot_plate_4","2023-01-24 plate_4",2023-01-24,"Demengeot","plate_4",1.637125,0.0966916121343669
"16","2023-01-24_Demengeot_plate_5","2023-01-24 plate_5",2023-01-24,"Demengeot","plate_5",2.4415,0.0705610171614408
"17","2023-01-24_Demengeot_plate_6","2023-01-24 plate_6",2023-01-24,"Demengeot","plate_6",2.530125,0.152055852050676
"18","2023-02-14_Demengeot_plate_1","2023-02-14 plate_1",2023-02-14,"Demengeot","plate_1",2.6635,0.142214124273425
"19","2023-02-14_Demengeot_plate_2","2023-02-14 plate_2",2023-02-14,"Demengeot","plate_2",1.252,0.0684794025341093
"20","2023-02-14_Demengeot_plate_3","2023-02-14 plate_3",2023-02-14,"Demengeot","plate_3",2.9865,0.242803859701024
"21","2023-02-14_Demengeot_plate_4","2023-02-14 plate_4",2023-02-14,"Demengeot","plate_4",2.21775,0.0760671695655509
"22","2023-03-05_Demengeot_plate_1","2023-03-05 plate_1",2023-03-05,"Demengeot","plate_1",2.482,0.0952950306004612
"23","2023-03-05_Demengeot_plate_2","2023-03-05 plate_2",2023-03-05,"Demengeot","plate_2",2.326375,0.124269220991017
"24","2023-03-05_Demengeot_plate_3","2023-03-05 plate_3",2023-03-05,"Demengeot","plate_3",2.163375,0.0667702617723105
"25","2023-03-05_Demengeot_plate_4","2023-03-05 plate_4",2023-03-05,"Demengeot","plate_4",1.99425,0.063780314921052
"26","2023-03-05_Demengeot_plate_5","2023-03-05 plate_5",2023-03-05,"Demengeot","plate_5",2.6785,0.0898522596901635
"27","2023-03-05_Demengeot_plate_6","2023-03-05 plate_6",2023-03-05,"Demengeot","plate_6",1.80175,0.0992223333154963
"28","2023-03-05_Demengeot_plate_7","2023-03-05 plate_7",2023-03-05,"Demengeot","plate_7",2.10575,0.10550118482747
"29","2023-03-10_Demengeot_plate_1","2023-03-10 plate_1",2023-03-10,"Demengeot","plate_1",1.13025,0.0303773882071141
"30","2023-03-10_Demengeot_plate_2","2023-03-10 plate_2",2023-03-10,"Demengeot","plate_2",1.63825,0.0857916912393869
"31","2023-03-10_Demengeot_plate_3","2023-03-10 plate_3",2023-03-10,"Demengeot","plate_3",1.307875,0.0597505230102632
"32","2023-03-10_Demengeot_plate_4","2023-03-10 plate_4",2023-03-10,"Demengeot","plate_4",2.265375,0.118852775074279
"33","2023-03-10_Demengeot_plate_5","2023-03-10 plate_5",2023-03-10,"Demengeot","plate_5",1.732,0.0799964284917056
"34","2023-03-11_Demengeot_plate_1","2023-03-11 plate_1",2023-03-11,"Demengeot","plate_1",1.891625,0.0932277357565104
"35","2023-03-11_Demengeot_plate_2","2023-03-11 plate_2",2023-03-11,"Demengeot","plate_2",1.001,0.066246293696866
"36","2023-03-11_Demengeot_plate_3","2023-03-11 plate_3",2023-03-11,"Demengeot","plate_3",2.112125,0.124537358135736
"37","2023-03-11_Demengeot_plate_4","2023-03-11 plate_4",2023-03-11,"Demengeot","plate_4",2.07075,0.121542173750513
"38","2023-03-14_Demengeot_plate_1","2023-03-14 plate_1",2023-03-14,"Demengeot","plate_1",2.554875,0.136018315468385
"39","2023-03-14_Demengeot_plate_2","2023-03-14 plate_2",2023-03-14,"Demengeot","plate_2",2.327125,0.137703031920143
"40","2023-03-14_Demengeot_plate_3","2023-03-14 plate_3",2023-03-14,"Demengeot","plate_3",1.68925,0.132131698370549
"41","2023-03-14_Demengeot_plate_4","2023-03-14 plate_4",2023-03-14,"Demengeot","plate_4",1.936875,0.103897528500785
"42","2023-03-14_Demengeot_plate_5","2023-03-14 plate_5",2023-03-14,"Demengeot","plate_5",1.728875,0.0726231712334294
"43","2023-03-14_Demengeot_plate_6","2023-03-14 plate_6",2023-03-14,"Demengeot","plate_6",1.483375,0.0787454080293847
"44","2023-03-14_Demengeot_plate_7","2023-03-14 plate_7",2023-03-14,"Demengeot","plate_7",1.830125,0.0869341910379833
"45","2023-03-14_Demengeot_plate_8","2023-03-14 plate_8",2023-03-14,"Demengeot","plate_8",1.2575,0.0742293742395826
"46","2023-03-15_Demengeot_plate_1","2023-03-15 plate_1",2023-03-15,"Demengeot","plate_1",2.006625,0.0849048837565561
"47","2023-03-15_Demengeot_plate_2","2023-03-15 plate_2",2023-03-15,"Demengeot","plate_2",1.895375,0.0750370146756157
"48","2023-03-15_Demengeot_plate_3","2023-03-15 plate_3",2023-03-15,"Demengeot","plate_3",1.07075,0.0639369108686725
"49","2023-03-15_Demengeot_plate_4","2023-03-15 plate_4",2023-03-15,"Demengeot","plate_4",2.07475,0.135155730283889
"50","2023-03-15_Demengeot_plate_5","2023-03-15 plate_5",2023-03-15,"Demengeot","plate_5",2.2275,0.0679348427328926
"51","2023-03-31_Demengeot_plate_1","2023-03-31 plate_1",2023-03-31,"Demengeot","plate_1",1.729625,0.107155344510402
"52","2023-03-31_Demengeot_plate_2","2023-03-31 plate_2",2023-03-31,"Demengeot","plate_2",2.495625,0.100115558231476
"53","2023-03-31_Demengeot_plate_3","2023-03-31 plate_3",2023-03-31,"Demengeot","plate_3",1.749875,0.077331267932189
"54","2023-03-31_Demengeot_plate_4","2023-03-31 plate_4",2023-03-31,"Demengeot","plate_4",2.4515,0.118185084869937
"55","2023-03-31_Demengeot_plate_5","2023-03-31 plate_5",2023-03-31,"Demengeot","plate_5",2.264625,0.0713200783190019
"56","2023-04-03_Demengeot_plate_1","2023-04-03 plate_1",2023-04-03,"Demengeot","plate_1",1.364875,0.0514682634529002
"57","2023-04-03_Demengeot_plate_2","2023-04-03 plate_2",2023-04-03,"Demengeot","plate_2",2.194375,0.134004197695445
"58","2023-04-03_Demengeot_plate_3","2023-04-03 plate_3",2023-04-03,"Demengeot","plate_3",2.333125,0.14837254029734
"59","2023-04-03_Demengeot_plate_4","2023-04-03 plate_4",2023-04-03,"Demengeot","plate_4",2.273,0.0672011904656458
"60","2023-04-03_Demengeot_plate_5","2023-04-03 plate_5",2023-04-03,"Demengeot","plate_5",2.154375,0.110230845436812
"61","2023-04-03_Demengeot_plate_6","2023-04-03 plate_6",2023-04-03,"Demengeot","plate_6",2.252375,0.0759284202390647
"62","2023-04-03_Demengeot_plate_7","2023-04-03 plate_7",2023-04-03,"Demengeot","plate_7",2.0275,0.126719036792876
"63","2023-04-03_Demengeot_plate_8","2023-04-03 plate_8",2023-04-03,"Demengeot","plate_8",1.846,0.0843258984112066
"64","2023-04-10_Demengeot_plate_1","2023-04-10 plate_1",2023-04-10,"Demengeot","plate_1",2.010625,0.0716179097712297
"65","2023-04-10_Demengeot_plate_2","2023-04-10 plate_2",2023-04-10,"Demengeot","plate_2",2.015125,0.103305977561804
"66","2023-04-10_Demengeot_plate_3","2023-04-10 plate_3",2023-04-10,"Demengeot","plate_3",2.029875,0.134317786823424
"67","2023-04-10_Demengeot_plate_4","2023-04-10 plate_4",2023-04-10,"Demengeot","plate_4",2.360125,0.15722544096206
"68","2023-04-10_Demengeot_plate_5","2023-04-10 plate_5",2023-04-10,"Demengeot","plate_5",1.941375,0.0671883014902361
"69","2023-04-10_Demengeot_plate_6","2023-04-10 plate_6",2023-04-10,"Demengeot","plate_6",1.72525,0.0616435606647489
"70","2023-04-10_Demengeot_plate_7","2023-04-10 plate_7",2023-04-10,"Demengeot","plate_7",2.588375,0.162934638516711
"71","2023-04-10_Demengeot_plate_8","2023-04-10 plate_8",2023-04-10,"Demengeot","plate_8",2.133125,0.103806740078447
"72","2023-04-15_Demengeot_plate_1","2023-04-15 plate_1",2023-04-15,"Demengeot","plate_1",1.757375,0.0576515084674411
"73","2023-04-15_Demengeot_plate_2","2023-04-15 plate_2",2023-04-15,"Demengeot","plate_2",1.681875,0.0865141400498868
"74","2023-04-15_Demengeot_plate_3","2023-04-15 plate_3",2023-04-15,"Demengeot","plate_3",2.227125,0.06611772509266
"75","2023-04-15_Demengeot_plate_4","2023-04-15 plate_4",2023-04-15,"Demengeot","plate_4",1.669375,0.0532458918603116
"76","2023-04-15_Demengeot_plate_5","2023-04-15 plate_5",2023-04-15,"Demengeot","plate_5",1.735125,0.0804601720462633
"77","2023-04-15_Demengeot_plate_6","2023-04-15 plate_6",2023-04-15,"Demengeot","plate_6",1.883875,0.0753438546171579
"78","2023-04-20_Demengeot_plate_1","2023-04-20 plate_1",2023-04-20,"Demengeot","plate_1",2.31075,0.131545483714624
"79","2023-04-20_Demengeot_plate_2","2023-04-20 plate_2",2023-04-20,"Demengeot","plate_2",2.2865,0.0853379835042487
"80","2023-04-20_Demengeot_plate_3","2023-04-20 plate_3",2023-04-20,"Demengeot","plate_3",2.32175,0.11894986939283
"81","2023-04-20_Demengeot_plate_4","2023-04-20 plate_4",2023-04-20,"Demengeot","plate_4",1.834375,0.136388036236949
"82","2023-04-20_Demengeot_plate_5","2023-04-20 plate_5",2023-04-20,"Demengeot","plate_5",2.28475,0.125473673960488
"83","2023-04-23_Demengeot_plate_1","2023-04-23 plate_1",2023-04-23,"Demengeot","plate_1",1.787,0.102911890191839
"84","2023-04-23_Demengeot_plate_2","2023-04-23 plate_2",2023-04-23,"Demengeot","plate_2",2.249875,0.0725601966842507
"85","2023-04-23_Demengeot_plate_3","2023-04-23 plate_3",2023-04-23,"Demengeot","plate_3",1.93125,0.0868886808344036
"86","2023-04-23_Demengeot_plate_4","2023-04-23 plate_4",2023-04-23,"Demengeot","plate_4",2.333,0.110084383218381
"87","2023-04-23_Demengeot_plate_5","2023-04-23 plate_5",2023-04-23,"Demengeot","plate_5",2.155125,0.141525805319838
"88","2023-04-23_Demengeot_plate_6","2023-04-23 plate_6",2023-04-23,"Demengeot","plate_6",2.0735,0.13358999107076
"89","2023-04-25_Demengeot_plate_1","2023-04-25 plate_1",2023-04-25,"Demengeot","plate_1",2.041625,0.0909802765124712
"90","2023-04-25_Demengeot_plate_2","2023-04-25 plate_2",2023-04-25,"Demengeot","plate_2",1.909,0.0608323222355634
"91","2023-04-25_Demengeot_plate_3","2023-04-25 plate_3",2023-04-25,"Demengeot","plate_3",2.0445,0.0676271289604148
"92","2023-04-25_Demengeot_plate_4","2023-04-25 plate_4",2023-04-25,"Demengeot","plate_4",2.203625,0.0775369727475683
"93","2023-04-29_Demengeot_plate_1","2023-04-29 plate_1",2023-04-29,"Demengeot","plate_1",2.178875,0.0641525803957141
"94","2023-04-29_Demengeot_plate_2","2023-04-29 plate_2",2023-04-29,"Demengeot","plate_2",2.355375,0.132890865535812
"95","2023-04-29_Demengeot_plate_3","2023-04-29 plate_3",2023-04-29,"Demengeot","plate_3",1.407875,0.0632171710398821
"96","2023-04-29_Demengeot_plate_4","2023-04-29 plate_4",2023-04-29,"Demengeot","plate_4",1.310875,0.0804938995026509
"97","2023-04-29_Demengeot_plate_5","2023-04-29 plate_5",2023-04-29,"Demengeot","plate_5",1.855875,0.104743820138197
"98","2023-04-29_Demengeot_plate_6","2023-04-29 plate_6",2023-04-29,"Demengeot","plate_6",2.441375,0.0946496358758372
"99","2023-04-29_Demengeot_plate_7","2023-04-29 plate_7",2023-04-29,"Demengeot","plate_7",1.42775,0.0998953023348517
"100","2023-05-03_Demengeot_plate_1","2023-05-03 plate_1",2023-05-03,"Demengeot","plate_1",2.201875,0.111517375327794
"101","2023-05-03_Demengeot_plate_2","2023-05-03 plate_2",2023-05-03,"Demengeot","plate_2",1.70275,0.0967526300860675
"102","2023-05-03_Demengeot_plate_3","2023-05-03 plate_3",2023-05-03,"Demengeot","plate_3",1.8075,0.0350224417848246
"103","2023-05-03_Demengeot_plate_4","2023-05-03 plate_4",2023-05-03,"Demengeot","plate_4",2.151875,0.131575548640315
"104","2023-05-03_Demengeot_plate_5","2023-05-03 plate_5",2023-05-03,"Demengeot","plate_5",1.807125,0.0948283223213704
"105","2023-05-16_Demengeot_plate_1","2023-05-16 plate_1",2023-05-16,"Demengeot","plate_1",2.5975,0.126449312261588
"106","2023-05-16_Demengeot_plate_2","2023-05-16 plate_2",2023-05-16,"Demengeot","plate_2",1.594,0.071805292284065
"107","2023-05-16_Demengeot_plate_3","2023-05-16 plate_3",2023-05-16,"Demengeot","plate_3",2.161625,0.0743907396310665
"108","2023-05-16_Demengeot_plate_4","2023-05-16 plate_4",2023-05-16,"Demengeot","plate_4",1.97175,0.0901772064960351
"109","2023-05-16_Demengeot_plate_5","2023-05-16 plate_5",2023-05-16,"Demengeot","plate_5",1.619625,0.0520958937235666
"110","2023-05-16_Demengeot_plate_6","2023-05-16 plate_6",2023-05-16,"Demengeot","plate_6",2.251625,0.0898680580470217
"111","2023-05-21_Demengeot_plate_1","2023-05-21 plate_1",2023-05-21,"Demengeot","plate_1",1.72575,0.0649675743297047
"112","2023-05-21_Demengeot_plate_2","2023-05-21 plate_2",2023-05-21,"Demengeot","plate_2",3.075375,0.146928493298125
"113","2023-05-21_Demengeot_plate_3","2023-05-21 plate_3",2023-05-21,"Demengeot","plate_3",1.836625,0.0819476095702963
"114","2023-05-21_Demengeot_plate_4","2023-05-21 plate_4",2023-05-21,"Demengeot","plate_4",1.868125,0.0531505610775384
"115","2023-05-22_Demengeot_plate_1","2023-05-22 plate_1",2023-05-22,"Demengeot","plate_1",2.040875,0.11248801523464
"116","2023-05-22_Demengeot_plate_2","2023-05-22 plate_2",2023-05-22,"Demengeot","plate_2",1.236,0.0728285658241325
"117","2023-05-22_Demengeot_plate_3","2023-05-22 plate_3",2023-05-22,"Demengeot","plate_3",1.231375,0.0490129356103351
"118","2023-05-22_Demengeot_plate_4","2023-05-22 plate_4",2023-05-22,"Demengeot","plate_4",2.464125,0.122787199774942
"119","2023-05-23_Demengeot_plate_1","2023-05-23 plate_1",2023-05-23,"Demengeot","plate_1",2.28725,0.0727907961214878
"120","2023-05-23_Demengeot_plate_2","2023-05-23 plate_2",2023-05-23,"Demengeot","plate_2",1.805375,0.115837247278856
"121","2023-05-23_Demengeot_plate_3","2023-05-23 plate_3",2023-05-23,"Demengeot","plate_3",1.0345,0.0315820925752011
"122","2023-05-23_Demengeot_plate_4","2023-05-23 plate_4",2023-05-23,"Demengeot","plate_4",2.1965,0.150583626505104
"123","2023-05-24_Demengeot_plate_1","2023-05-24 plate_1",2023-05-24,"Demengeot","plate_1",1.332,0.0264142818511935
"124","2023-05-24_Demengeot_plate_2","2023-05-24 plate_2",2023-05-24,"Demengeot","plate_2",2.5105,0.105037408302267
"125","2023-05-24_Demengeot_plate_3","2023-05-24 plate_3",2023-05-24,"Demengeot","plate_3",3.181125,0.092411250861106
"126","2023-05-24_Demengeot_plate_4","2023-05-24 plate_4",2023-05-24,"Demengeot","plate_4",1.98225,0.159433595670961
"127","2023-05-24_Demengeot_plate_5","2023-05-24 plate_5",2023-05-24,"Demengeot","plate_5",2.034,0.093331972779199
"128","2023-05-24_Demengeot_plate_6","2023-05-24 plate_6",2023-05-24,"Demengeot","plate_6",1.97625,0.0879963473267905
"129","2023-05-24_Demengeot_plate_7","2023-05-24 plate_7",2023-05-24,"Demengeot","plate_7",2.128,0.119193719872915
"130","2023-05-24_Demengeot_plate_8","2023-05-24 plate_8",2023-05-24,"Demengeot","plate_8",2.239375,0.157924880424659
"131","2023-06-07_Demengeot_plate_1","2023-06-07 plate_1",2023-06-07,"Demengeot","plate_1",1.936375,0.106513496797354
"132","2023-06-07_Demengeot_plate_2","2023-06-07 plate_2",2023-06-07,"Demengeot","plate_2",2.13975,0.0924627338058806
"133","2023-06-07_Demengeot_plate_3","2023-06-07 plate_3",2023-06-07,"Demengeot","plate_3",2.182875,0.0832199109073578
"134","2023-06-07_Demengeot_plate_4","2023-06-07 plate_4",2023-06-07,"Demengeot","plate_4",1.97075,0.104326068513237
"135","2023-06-07_Demengeot_plate_5","2023-06-07 plate_5",2023-06-07,"Demengeot","plate_5",2.121125,0.0832181942674969
"136","2023-06-07_Demengeot_plate_6","2023-06-07 plate_6",2023-06-07,"Demengeot","plate_6",2.334625,0.127026361156145
"137","2023-06-10_Demengeot_plate_1","2023-06-10 plate_1",2023-06-10,"Demengeot","plate_1",2.019875,0.0920441470165268
"138","2023-06-10_Demengeot_plate_2","2023-06-10 plate_2",2023-06-10,"Demengeot","plate_2",1.897625,0.0942366890941558
"139","2023-06-10_Demengeot_plate_3","2023-06-10 plate_3",2023-06-10,"Demengeot","plate_3",1.86025,0.147465007955883
"140","2023-06-10_Demengeot_plate_4","2023-06-10 plate_4",2023-06-10,"Demengeot","plate_4",2.724625,0.124435798133587
"141","2023-06-11_Demengeot_plate_1","2023-06-11 plate_1",2023-06-11,"Demengeot","plate_1",2.552,0.12475919662637
"142","2023-06-11_Demengeot_plate_2","2023-06-11 plate_2",2023-06-11,"Demengeot","plate_2",2.198,0.123957365942604
"143","2023-06-11_Demengeot_plate_3","2023-06-11 plate_3",2023-06-11,"Demengeot","plate_3",1.980875,0.0982015965828895
"144","2023-06-11_Demengeot_plate_4","2023-06-11 plate_4",2023-06-11,"Demengeot","plate_4",0.9835,0.0446382283314585
"145","2023-06-11_Demengeot_plate_5","2023-06-11 plate_5",2023-06-11,"Demengeot","plate_5",1.63,0.0964735344907755
"146","2023-06-11_Demengeot_plate_6","2023-06-11 plate_6",2023-06-11,"Demengeot","plate_6",1.9915,0.0741696896120165
"147","2023-06-11_Demengeot_plate_7","2023-06-11 plate_7",2023-06-11,"Demengeot","plate_7",2.475625,0.124541372930559
"148","2023-06-11_Demengeot_plate_8","2023-06-11 plate_8",2023-06-11,"Demengeot","plate_8",2.50125,0.151525339700753
"149","2023-06-18_Demengeot_plate_1","2023-06-18 plate_1",2023-06-18,"Demengeot","plate_1",1.62875,0.0730826342476202
"150","2023-06-18_Demengeot_plate_2","2023-06-18 plate_2",2023-06-18,"Demengeot","plate_2",2.590375,0.130215137917437
"151","2023-06-18_Demengeot_plate_3","2023-06-18 plate_3",2023-06-18,"Demengeot","plate_3",1.343625,0.085511799519966
"152","2023-06-18_Demengeot_plate_4","2023-06-18 plate_4",2023-06-18,"Demengeot","plate_4",2.3495,0.126864382032828
"153","2023-06-18_Demengeot_plate_5","2023-06-18 plate_5",2023-06-18,"Demengeot","plate_5",2.044625,0.0914985362880583
"154","2023-06-18_Demengeot_plate_6","2023-06-18 plate_6",2023-06-18,"Demengeot","plate_6",1.19,0.0342470019542901
"155","2023-06-18_Demengeot_plate_7","2023-06-18 plate_7",2023-06-18,"Demengeot","plate_7",1.88975,0.073248598231346
"156","2023-06-18_Demengeot_plate_8","2023-06-18 plate_8",2023-06-18,"Demengeot","plate_8",1.307,0.0564977875673021
"157","2023-06-20_Demengeot_plate_1","2023-06-20 plate_1",2023-06-20,"Demengeot","plate_1",1.691,0.0768783826201209
"158","2023-06-20_Demengeot_plate_2","2023-06-20 plate_2",2023-06-20,"Demengeot","plate_2",1.792375,0.139695523499196
"159","2023-06-20_Demengeot_plate_3","2023-06-20 plate_3",2023-06-20,"Demengeot","plate_3",1.871625,0.0994914748680939
"160","2023-06-20_Demengeot_plate_4","2023-06-20 plate_4",2023-06-20,"Demengeot","plate_4",2.0335,0.0948321826024417
"161","2023-06-20_Demengeot_plate_5","2023-06-20 plate_5",2023-06-20,"Demengeot","plate_5",1.903,0.0823303450392728
"162","2023-06-24_Demengeot_plate_1","2023-06-24 plate_1",2023-06-24,"Demengeot","plate_1",1.961875,0.0652499315817923
"163","2023-06-24_Demengeot_plate_2","2023-06-24 plate_2",2023-06-24,"Demengeot","plate_2",2.01475,0.0727338592796663
"164","2023-06-24_Demengeot_plate_3","2023-06-24 plate_3",2023-06-24,"Demengeot","plate_3",2.416625,0.0887837460993204
"165","2023-06-24_Demengeot_plate_4","2023-06-24 plate_4",2023-06-24,"Demengeot","plate_4",1.739875,0.0970941185507281
"166","2023-06-24_Demengeot_plate_5","2023-06-24 plate_5",2023-06-24,"Demengeot","plate_5",1.95675,0.0881196426943019
"167","2023-06-25_Demengeot_plate_1","2023-06-25 plate_1",2023-06-25,"Demengeot","plate_1",1.993,0.0827008377915761
"168","2023-06-25_Demengeot_plate_2","2023-06-25 plate_2",2023-06-25,"Demengeot","plate_2",2.093125,0.145046236470602
"169","2023-06-25_Demengeot_plate_3","2023-06-25 plate_3",2023-06-25,"Demengeot","plate_3",2.8255,0.183342770319889
"170","2023-06-25_Demengeot_plate_4","2023-06-25 plate_4",2023-06-25,"Demengeot","plate_4",1.394125,0.0872720500176643
"171","2023-06-25_Demengeot_plate_5","2023-06-25 plate_5",2023-06-25,"Demengeot","plate_5",1.55625,0.0648487250673222
"172","2023-06-25_Demengeot_plate_6","2023-06-25 plate_6",2023-06-25,"Demengeot","plate_6",1.321125,0.0709998742453615
"173","2023-06-25_Demengeot_plate_7","2023-06-25 plate_7",2023-06-25,"Demengeot","plate_7",2.1245,0.0677263400964288
"174","2023-06-25_Demengeot_plate_8","2023-06-25 plate_8",2023-06-25,"Demengeot","plate_8",2.919125,0.153420465667766
"175","2023-06-27_Demengeot_plate_1","2023-06-27 plate_1",2023-06-27,"Demengeot","plate_1",1.291125,0.0470575255860921
"176","2023-06-27_Demengeot_plate_2","2023-06-27 plate_2",2023-06-27,"Demengeot","plate_2",1.874,0.0764255006058654
"177","2023-06-27_Demengeot_plate_3","2023-06-27 plate_3",2023-06-27,"Demengeot","plate_3",1.835875,0.0385762232469691
"178","2023-06-27_Demengeot_plate_4","2023-06-27 plate_4",2023-06-27,"Demengeot","plate_4",2.051375,0.109497472247406
"179","2023-06-27_Demengeot_plate_5","2023-06-27 plate_5",2023-06-27,"Demengeot","plate_5",1.253875,0.0513821467048624
"180","2023-06-27_Demengeot_plate_6","2023-06-27 plate_6",2023-06-27,"Demengeot","plate_6",2.038,0.0764049362653636
"181","2023-06-27_Demengeot_plate_7","2023-06-27 plate_7",2023-06-27,"Demengeot","plate_7",2.76475,0.219406830210131
"182","2023-07-04_Demengeot_plate_1","2023-07-04 plate_1",2023-07-04,"Demengeot","plate_1",2.4175,0.103277711604614
"183","2023-07-04_Demengeot_plate_2","2023-07-04 plate_2",2023-07-04,"Demengeot","plate_2",2.172875,0.149949932120215
"184","2023-07-04_Demengeot_plate_3","2023-07-04 plate_3",2023-07-04,"Demengeot","plate_3",2.002625,0.097382805023709
"185","2023-07-04_Demengeot_plate_4","2023-07-04 plate_4",2023-07-04,"Demengeot","plate_4",2.358875,0.0983585823112844
"186","2023-07-04_Demengeot_plate_5","2023-07-04 plate_5",2023-07-04,"Demengeot","plate_5",1.269625,0.0900966742687304
"187","2023-07-05_Demengeot_plate_1","2023-07-05 plate_1",2023-07-05,"Demengeot","plate_1",1.619375,0.113164781876443
"188","2023-07-05_Demengeot_plate_2","2023-07-05 plate_2",2023-07-05,"Demengeot","plate_2",1.913875,0.117724178242437
"189","2023-07-05_Demengeot_plate_3","2023-07-05 plate_3",2023-07-05,"Demengeot","plate_3",1.92975,0.0662177145051513
"190","2023-07-05_Demengeot_plate_4","2023-07-05 plate_4",2023-07-05,"Demengeot","plate_4",2.209875,0.122366472415562
"191","2023-07-05_Demengeot_plate_5","2023-07-05 plate_5",2023-07-05,"Demengeot","plate_5",2.087125,0.104439233870364
"192","2023-07-25_Demengeot_plate_1","2023-07-25 plate_1",2023-07-25,"Demengeot","plate_1",1.96175,0.0608199920139046
"193","2023-07-25_Demengeot_plate_2","2023-07-25 plate_2",2023-07-25,"Demengeot","plate_2",2.403625,0.0848661761666145
"194","2023-07-25_Demengeot_plate_3","2023-07-25 plate_3",2023-07-25,"Demengeot","plate_3",2.133,0.119356608530906
"195","2023-07-25_Demengeot_plate_4","2023-07-25 plate_4",2023-07-25,"Demengeot","plate_4",2.04925,0.104759247801805
"196","2023-07-25_Demengeot_plate_5","2023-07-25 plate_5",2023-07-25,"Demengeot","plate_5",1.276125,0.111696575596569
"197","2023-07-25_Demengeot_plate_6","2023-07-25 plate_6",2023-07-25,"Demengeot","plate_6",1.8565,0.148370193387062
"198","2023-07-25_Demengeot_plate_7","2023-07-25 plate_7",2023-07-25,"Demengeot","plate_7",2.113625,0.144719371296905
"199","2023-08-01_Demengeot_plate_1","2023-08-01 plate_1",2023-08-01,"Demengeot","plate_1",2.230125,0.10963111849679
"200","2023-08-01_Demengeot_plate_2","2023-08-01 plate_2",2023-08-01,"Demengeot","plate_2",1.829375,0.058622125272192
"201","2023-08-01_Demengeot_plate_3","2023-08-01 plate_3",2023-08-01,"Demengeot","plate_3",1.945125,0.158793160611982
"202","2023-08-01_Demengeot_plate_4","2023-08-01 plate_4",2023-08-01,"Demengeot","plate_4",2.50725,0.139902772360971
"203","2023-08-01_Demengeot_plate_5","2023-08-01 plate_5",2023-08-01,"Demengeot","plate_5",1.774,0.0781555226089987
"204","2023-08-01_Demengeot_plate_6","2023-08-01 plate_6",2023-08-01,"Demengeot","plate_6",1.767875,0.0999791942641782
"205","2023-08-01_Demengeot_plate_7","2023-08-01 plate_7",2023-08-01,"Demengeot","plate_7",2.065875,0.109821202090359
"206","2023-08-01_Demengeot_plate_8","2023-08-01 plate_8",2023-08-01,"Demengeot","plate_8",1.800375,0.0530792870551754
"207","2023-08-20_Demengeot_plate_1","2023-08-20 plate_1",2023-08-20,"Demengeot","plate_1",1.58625,0.107269686837828
"208","2023-08-20_Demengeot_plate_2","2023-08-20 plate_2",2023-08-20,"Demengeot","plate_2",2.402375,0.108121542058661
"209","2023-08-20_Demengeot_plate_3","2023-08-20 plate_3",2023-08-20,"Demengeot","plate_3",1.816875,0.0584354038967083
"210","2023-08-20_Demengeot_plate_4","2023-08-20 plate_4",2023-08-20,"Demengeot","plate_4",1.385625,0.0527174069923778
"211","2023-08-20_Demengeot_plate_5","2023-08-20 plate_5",2023-08-20,"Demengeot","plate_5",2.3525,0.106867073640909
"212","2023-08-21_Demengeot_plate_1","2023-08-21 plate_1",2023-08-21,"Demengeot","plate_1",1.861875,0.0774641622208065
"213","2023-08-21_Demengeot_plate_2","2023-08-21 plate_2",2023-08-21,"Demengeot","plate_2",1.839125,0.0721792164387664
"214","2023-08-21_Demengeot_plate_3","2023-08-21 plate_3",2023-08-21,"Demengeot","plate_3",1.67125,0.08777528125845
"215","2023-08-21_Demengeot_plate_4","2023-08-21 plate_4",2023-08-21,"Demengeot","plate_4",2.109375,0.0968149007126486
"216","2023-08-21_Demengeot_plate_5","2023-08-21 plate_5",2023-08-21,"Demengeot","plate_5",1.758375,0.0848745923617394
"217","2023-08-21_Demengeot_plate_6","2023-08-21 plate_6",2023-08-21,"Demengeot","plate_6",1.410375,0.0557390283886819
"218","2023-08-21_Demengeot_plate_7","2023-08-21 plate_7",2023-08-21,"Demengeot","plate_7",2.901375,0.228090168573746
"219","2023-08-31_Demengeot_plate_1","2023-08-31 plate_1",2023-08-31,"Demengeot","plate_1",1.845625,0.0806065178151601
"220","2023-08-31_Demengeot_plate_2","2023-08-31 plate_2",2023-08-31,"Demengeot","plate_2",1.54375,0.115653114342601
"221","2023-08-31_Demengeot_plate_3","2023-08-31 plate_3",2023-08-31,"Demengeot","plate_3",2.004,0.112818438209364
"222","2023-08-31_Demengeot_plate_4","2023-08-31 plate_4",2023-08-31,"Demengeot","plate_4",1.8725,0.0826023175046733
"223","2023-08-31_Demengeot_plate_5","2023-08-31 plate_5",2023-08-31,"Demengeot","plate_5",1.51925,0.0801921798823658
"224","2023-08-31_Demengeot_plate_6","2023-08-31 plate_6",2023-08-31,"Demengeot","plate_6",2.095625,0.0818359639767261
"225","2023-08-31_Demengeot_plate_7","2023-08-31 plate_7",2023-08-31,"Demengeot","plate_7",1.8845,0.085471799860706
"226","2023-08-31_Demengeot_plate_8","2023-08-31 plate_8",2023-08-31,"Demengeot","plate_8",2.39225,0.114332535052052
"227","2023-09-03_Demengeot_plate_1","2023-09-03 plate_1",2023-09-03,"Demengeot","plate_1",2.14675,0.101943611864599
"228","2023-09-03_Demengeot_plate_2","2023-09-03 plate_2",2023-09-03,"Demengeot","plate_2",2.592875,0.188295692614417
"229","2023-09-03_Demengeot_plate_3","2023-09-03 plate_3",2023-09-03,"Demengeot","plate_3",2.374625,0.131228195467721
"230","2023-09-03_Demengeot_plate_4","2023-09-03 plate_4",2023-09-03,"Demengeot","plate_4",1.948,0.0643272881443016
"231","2023-09-03_Demengeot_plate_5","2023-09-03 plate_5",2023-09-03,"Demengeot","plate_5",1.620875,0.0674164827238647
"232","2023-09-03_Demengeot_plate_6","2023-09-03 plate_6",2023-09-03,"Demengeot","plate_6",2.1315,0.0723384900509898
"233","2023-09-03_Demengeot_plate_7","2023-09-03 plate_7",2023-09-03,"Demengeot","plate_7",1.738375,0.071089355240932
"234","2023-09-07_Demengeot_plate_1","2023-09-07 plate_1",2023-09-07,"Demengeot","plate_1",1.936625,0.130086715583985
"235","2023-09-07_Demengeot_plate_2","2023-09-07 plate_2",2023-09-07,"Demengeot","plate_2",1.8935,0.0624087905896047
"236","2023-09-07_Demengeot_plate_3","2023-09-07 plate_3",2023-09-07,"Demengeot","plate_3",2.20875,0.112161554401293
"237","2023-09-07_Demengeot_plate_4","2023-09-07 plate_4",2023-09-07,"Demengeot","plate_4",2.49375,0.0874132222754169
"238","2023-09-09_Demengeot_plate_1","2023-09-09 plate_1",2023-09-09,"Demengeot","plate_1",2.56625,0.0899360884183875
"239","2023-09-09_Demengeot_plate_2","2023-09-09 plate_2",2023-09-09,"Demengeot","plate_2",1.808,0.109698287524073
"240","2023-09-09_Demengeot_plate_3","2023-09-09 plate_3",2023-09-09,"Demengeot","plate_3",1.899,0.0789393980939086
"241","2023-09-09_Demengeot_plate_4","2023-09-09 plate_4",2023-09-09,"Demengeot","plate_4",2.575625,0.127438430512262
"242","2023-09-09_Demengeot_plate_5","2023-09-09 plate_5",2023-09-09,"Demengeot","plate_5",2.811,0.148678944613649
"243","2023-09-09_Demengeot_plate_6","2023-09-09 plate_6",2023-09-09,"Demengeot","plate_6",2.49875,0.131613883331943
"244","2023-09-12_Demengeot_plate_1","2023-09-12 plate_1",2023-09-12,"Demengeot","plate_1",1.441,0.0630985623562738
"245","2023-09-12_Demengeot_plate_2","2023-09-12 plate_2",2023-09-12,"Demengeot","plate_2",1.684,0.105252078364277
"246","2023-09-12_Demengeot_plate_3","2023-09-12 plate_3",2023-09-12,"Demengeot","plate_3",2.292,0.0952290471892449
"247","2023-09-12_Demengeot_plate_4","2023-09-12 plate_4",2023-09-12,"Demengeot","plate_4",3.05,0.158681171805965
"248","2023-09-12_Demengeot_plate_5","2023-09-12 plate_5",2023-09-12,"Demengeot","plate_5",2.314,0.0662743216810682
"249","2023-08-18_Howard_plate_1","Fri Aug 18 2023 (P1)",2023-08-18,"Howard","plate_1",2.153125,0.102838899671838
"250","2023-08-18_Howard_plate_2","Fri Aug 18 2023 (P2)",2023-08-18,"Howard","plate_2",2.7765,0.149506808253958
"251","2023-08-18_Howard_plate_3","Fri Aug 18 2023 (P3)",2023-08-18,"Howard","plate_3",1.758375,0.128258597595416
"252","2023-08-18_Howard_plate_4","Fri Aug 18 2023 (P4)",2023-08-18,"Howard","plate_4",2.424125,0.0907310586293359
"253","2023-08-18_Howard_plate_5","Fri Aug 18 2023 (P5)",2023-08-18,"Howard","plate_5",2.015,0.0913048269730108
"254","2023-10-06_Howard_plate_1","Fri Oct 06 2023 (P1)",2023-10-06,"Howard","plate_1",2.181375,0.131879747714131
"255","2023-10-06_Howard_plate_2","Fri Oct 06 2023 (P2)",2023-10-06,"Howard","plate_2",1.52325,0.0858715818616879
"256","2023-10-06_Howard_plate_3","Fri Oct 06 2023 (P3)",2023-10-06,"Howard","plate_3",3.285625,0.130610585329061
"257","2023-10-06_Howard_plate_4","Fri Oct 06 2023 (P4)",2023-10-06,"Howard","plate_4",2.26525,0.131825371501197
"258","2023-10-06_Howard_plate_5","Fri Oct 06 2023 (P5)",2023-10-06,"Howard","plate_5",2.48525,0.111026058717248
"259","2023-08-21_Howard_plate_1","Mon Aug 21 2023 (P1)",2023-08-21,"Howard","plate_1",3.006625,0.132144874501975
"260","2023-08-21_Howard_plate_2","Mon Aug 21 2023 (P2)",2023-08-21,"Howard","plate_2",3.262875,0.157473297056086
"261","2023-08-21_Howard_plate_3","Mon Aug 21 2023 (P3)",2023-08-21,"Howard","plate_3",2.537,0.13874539889411
"262","2023-08-21_Howard_plate_4","Mon Aug 21 2023 (P4)",2023-08-21,"Howard","plate_4",2.200625,0.124747673897581
"263","2023-12-25_Howard_plate_1","Mon Dec 25 2023 (P1)",2023-12-25,"Howard","plate_1",1.881125,0.092401975087116
"264","2023-12-25_Howard_plate_2","Mon Dec 25 2023 (P2)",2023-12-25,"Howard","plate_2",2.00625,0.0721699383400041
"265","2023-12-25_Howard_plate_3","Mon Dec 25 2023 (P3)",2023-12-25,"Howard","plate_3",1.97225,0.0795195393777978
"266","2023-12-25_Howard_plate_4","Mon Dec 25 2023 (P4)",2023-12-25,"Howard","plate_4",2.09675,0.105537738680125
"267","2023-12-25_Howard_plate_5","Mon Dec 25 2023 (P5)",2023-12-25,"Howard","plate_5",1.55975,0.0900884486015193
"268","2023-12-25_Howard_plate_6","Mon Dec 25 2023 (P6)",2023-12-25,"Howard","plate_6",2.76625,0.136628537073545
"269","2023-12-25_Howard_plate_7","Mon Dec 25 2023 (P7)",2023-12-25,"Howard","plate_7",2.582625,0.0841358382956649
"270","2023-12-25_Howard_plate_8","Mon Dec 25 2023 (P8)",2023-12-25,"Howard","plate_8",2.287125,0.0691281160496322
"271","2023-11-13_Howard_plate_1","Mon Nov 13 2023 (P1)",2023-11-13,"Howard","plate_1",2.848875,0.0754556397589243
"272","2023-11-13_Howard_plate_2","Mon Nov 13 2023 (P2)",2023-11-13,"Howard","plate_2",2.45475,0.16975339256025
"273","2023-11-13_Howard_plate_3","Mon Nov 13 2023 (P3)",2023-11-13,"Howard","plate_3",2.418125,0.116773819839894
"274","2023-11-13_Howard_plate_4","Mon Nov 13 2023 (P4)",2023-11-13,"Howard","plate_4",2.454875,0.0749007676863195
"275","2023-11-13_Howard_plate_5","Mon Nov 13 2023 (P5)",2023-11-13,"Howard","plate_5",1.738625,0.132702607897724
"276","2023-11-13_Howard_plate_6","Mon Nov 13 2023 (P6)",2023-11-13,"Howard","plate_6",2.1145,0.0930836797111686
"277","2023-11-27_Howard_plate_1","Mon Nov 27 2023 (P1)",2023-11-27,"Howard","plate_1",2.355,0.0509481529175915
"278","2023-11-27_Howard_plate_2","Mon Nov 27 2023 (P2)",2023-11-27,"Howard","plate_2",2.153625,0.0972124881748371
"279","2023-11-27_Howard_plate_3","Mon Nov 27 2023 (P3)",2023-11-27,"Howard","plate_3",2.6905,0.084307261168385
"280","2023-11-27_Howard_plate_4","Mon Nov 27 2023 (P4)",2023-11-27,"Howard","plate_4",2.35175,0.118603481037808
"281","2023-11-27_Howard_plate_5","Mon Nov 27 2023 (P5)",2023-11-27,"Howard","plate_5",1.7765,0.113603319871007
"282","2023-11-27_Howard_plate_6","Mon Nov 27 2023 (P6)",2023-11-27,"Howard","plate_6",2.763625,0.168312581229093
"283","2023-11-27_Howard_plate_7","Mon Nov 27 2023 (P7)",2023-11-27,"Howard","plate_7",3.268875,0.0990489597551202
"284","2023-11-27_Howard_plate_8","Mon Nov 27 2023 (P8)",2023-11-27,"Howard","plate_8",2.78675,0.144364370356994
"285","2023-08-12_Howard_plate_1","Sat Aug 12 2023 (P1)",2023-08-12,"Howard","plate_1",2.299875,0.0584402930959699
"286","2023-08-12_Howard_plate_2","Sat Aug 12 2023 (P2)",2023-08-12,"Howard","plate_2",2.09175,0.0850088230714905
"287","2023-08-12_Howard_plate_3","Sat Aug 12 2023 (P3)",2023-08-12,"Howard","plate_3",2.883375,0.222637397384819
"288","2023-08-12_Howard_plate_4","Sat Aug 12 2023 (P4)",2023-08-12,"Howard","plate_4",2.05,0.0672776761956425
"289","2023-08-12_Howard_plate_5","Sat Aug 12 2023 (P5)",2023-08-12,"Howard","plate_5",1.740125,0.0879812277055249
"290","2023-08-12_Howard_plate_6","Sat Aug 12 2023 (P6)",2023-08-12,"Howard","plate_6",2.308125,0.107390392626954
"291","2023-08-12_Howard_plate_7","Sat Aug 12 2023 (P7)",2023-08-12,"Howard","plate_7",3.098,0.0938402898546248
"292","2023-08-12_Howard_plate_8","Sat Aug 12 2023 (P8)",2023-08-12,"Howard","plate_8",2.3555,0.14398809474596
"293","2023-12-02_Howard_plate_1","Sat Dec 02 2023 (P1)",2023-12-02,"Howard","plate_1",2.84925,0.147208064608276
"294","2023-12-02_Howard_plate_2","Sat Dec 02 2023 (P2)",2023-12-02,"Howard","plate_2",2.318125,0.0910595370387654
"295","2023-12-02_Howard_plate_3","Sat Dec 02 2023 (P3)",2023-12-02,"Howard","plate_3",2.33525,0.129468970358593
"296","2023-12-02_Howard_plate_4","Sat Dec 02 2023 (P4)",2023-12-02,"Howard","plate_4",1.815125,0.0709052436102477
"297","2023-12-09_Howard_plate_1","Sat Dec 09 2023 (P1)",2023-12-09,"Howard","plate_1",2.507875,0.101357130272827
"298","2023-12-09_Howard_plate_2","Sat Dec 09 2023 (P2)",2023-12-09,"Howard","plate_2",2.3805,0.106157564833735
"299","2023-12-09_Howard_plate_3","Sat Dec 09 2023 (P3)",2023-12-09,"Howard","plate_3",2.87575,0.154932934799914
"300","2023-12-09_Howard_plate_4","Sat Dec 09 2023 (P4)",2023-12-09,"Howard","plate_4",2.522375,0.106087480747865
"301","2023-10-14_Howard_plate_1","Sat Oct 14 2023 (P1)",2023-10-14,"Howard","plate_1",1.811875,0.0894817419525187
"302","2023-10-14_Howard_plate_2","Sat Oct 14 2023 (P2)",2023-10-14,"Howard","plate_2",2.317,0.117946719205871
"303","2023-10-14_Howard_plate_3","Sat Oct 14 2023 (P3)",2023-10-14,"Howard","plate_3",2.59,0.146056740442102
"304","2023-10-14_Howard_plate_4","Sat Oct 14 2023 (P4)",2023-10-14,"Howard","plate_4",2.112375,0.0808630897611159
"305","2023-10-14_Howard_plate_5","Sat Oct 14 2023 (P5)",2023-10-14,"Howard","plate_5",2.48975,0.12290734024343
"306","2023-10-14_Howard_plate_6","Sat Oct 14 2023 (P6)",2023-10-14,"Howard","plate_6",2.258125,0.141817223918676
"307","2023-10-14_Howard_plate_7","Sat Oct 14 2023 (P7)",2023-10-14,"Howard","plate_7",2.916375,0.193565003846991
"308","2023-10-14_Howard_plate_8","Sat Oct 14 2023 (P8)",2023-10-14,"Howard","plate_8",1.850125,0.101576765481651
"309","2023-09-09_Howard_plate_1","Sat Sep 09 2023 (P1)",2023-09-09,"Howard","plate_1",2.5035,0.0737544187538232
"310","2023-09-09_Howard_plate_2","Sat Sep 09 2023 (P2)",2023-09-09,"Howard","plate_2",2.358625,0.100514302464873
"311","2023-09-09_Howard_plate_3","Sat Sep 09 2023 (P3)",2023-09-09,"Howard","plate_3",2.083,0.0702566722810012
"312","2023-09-09_Howard_plate_4","Sat Sep 09 2023 (P4)",2023-09-09,"Howard","plate_4",2.368625,0.166891699271457
"313","2023-09-09_Howard_plate_5","Sat Sep 09 2023 (P5)",2023-09-09,"Howard","plate_5",2.386875,0.175901301465176
"314","2023-09-09_Howard_plate_6","Sat Sep 09 2023 (P6)",2023-09-09,"Howard","plate_6",2.938875,0.117318172383602
"315","2023-09-09_Howard_plate_7","Sat Sep 09 2023 (P7)",2023-09-09,"Howard","plate_7",2.5905,0.134902080890442
"316","2023-09-16_Howard_plate_1","Sat Sep 16 2023 (P1)",2023-09-16,"Howard","plate_1",2.936,0.158959114240109
"317","2023-09-16_Howard_plate_2","Sat Sep 16 2023 (P2)",2023-09-16,"Howard","plate_2",2.278875,0.10817636063392
"318","2023-09-16_Howard_plate_3","Sat Sep 16 2023 (P3)",2023-09-16,"Howard","plate_3",2.547,0.186879640410613
"319","2023-09-16_Howard_plate_4","Sat Sep 16 2023 (P4)",2023-09-16,"Howard","plate_4",2.21975,0.145475329278099
"320","2023-09-16_Howard_plate_5","Sat Sep 16 2023 (P5)",2023-09-16,"Howard","plate_5",1.828375,0.092390379060036
"321","2023-09-16_Howard_plate_6","Sat Sep 16 2023 (P6)",2023-09-16,"Howard","plate_6",3.089125,0.129060824530806
"322","2023-12-24_Howard_plate_1","Sun Dec 24 2023 (P1)",2023-12-24,"Howard","plate_1",2.458375,0.115692866183332
"323","2023-12-24_Howard_plate_2","Sun Dec 24 2023 (P2)",2023-12-24,"Howard","plate_2",2.9015,0.200568477796772
"324","2023-12-24_Howard_plate_3","Sun Dec 24 2023 (P3)",2023-12-24,"Howard","plate_3",2.873125,0.161711769604353
"325","2023-12-24_Howard_plate_4","Sun Dec 24 2023 (P4)",2023-12-24,"Howard","plate_4",2.76675,0.13149443225584
"326","2023-12-24_Howard_plate_5","Sun Dec 24 2023 (P5)",2023-12-24,"Howard","plate_5",2.78875,0.122148329033656
"327","2023-12-24_Howard_plate_6","Sun Dec 24 2023 (P6)",2023-12-24,"Howard","plate_6",2.648625,0.163338332042071
"328","2023-12-24_Howard_plate_7","Sun Dec 24 2023 (P7)",2023-12-24,"Howard","plate_7",2.343375,0.114376492964495
"329","2023-10-29_Howard_plate_1","Sun Oct 29 2023 (P1)",2023-10-29,"Howard","plate_1",2.606125,0.115239424677495
"330","2023-10-29_Howard_plate_2","Sun Oct 29 2023 (P2)",2023-10-29,"Howard","plate_2",1.92825,0.0676287132595532
"331","2023-10-29_Howard_plate_3","Sun Oct 29 2023 (P3)",2023-10-29,"Howard","plate_3",2.433875,0.112117842979098
"332","2023-10-29_Howard_plate_4","Sun Oct 29 2023 (P4)",2023-10-29,"Howard","plate_4",3.56075,0.220167306512895
"333","2023-10-29_Howard_plate_5","Sun Oct 29 2023 (P5)",2023-10-29,"Howard","plate_5",3.16325,0.173626652002837
"334","2023-10-29_Howard_plate_6","Sun Oct 29 2023 (P6)",2023-10-29,"Howard","plate_6",1.82075,0.0672112873173631
"335","2023-10-29_Howard_plate_7","Sun Oct 29 2023 (P7)",2023-10-29,"Howard","plate_7",2.156,0.112450624085164
"336","2023-10-29_Howard_plate_8","Sun Oct 29 2023 (P8)",2023-10-29,"Howard","plate_8",1.554125,0.0497807693793497
"337","2023-12-21_Howard_plate_1","Thu Dec 21 2023 (P1)",2023-12-21,"Howard","plate_1",2.7265,0.0914861425884505
"338","2023-12-21_Howard_plate_2","Thu Dec 21 2023 (P2)",2023-12-21,"Howard","plate_2",1.84675,0.07130567999816
"339","2023-12-21_Howard_plate_3","Thu Dec 21 2023 (P3)",2023-12-21,"Howard","plate_3",1.941625,0.0598114597237496
"340","2023-12-21_Howard_plate_4","Thu Dec 21 2023 (P4)",2023-12-21,"Howard","plate_4",2.02725,0.042724198563076
"341","2023-09-07_Howard_plate_1","Thu Sep 07 2023 (P1)",2023-09-07,"Howard","plate_1",2.626625,0.225736849007866
"342","2023-09-07_Howard_plate_2","Thu Sep 07 2023 (P2)",2023-09-07,"Howard","plate_2",1.682625,0.0552162954725712
"343","2023-09-07_Howard_plate_3","Thu Sep 07 2023 (P3)",2023-09-07,"Howard","plate_3",2.129125,0.117449609255568
"344","2023-09-07_Howard_plate_4","Thu Sep 07 2023 (P4)",2023-09-07,"Howard","plate_4",3.18725,0.171894278139625
"345","2023-09-07_Howard_plate_5","Thu Sep 07 2023 (P5)",2023-09-07,"Howard","plate_5",2.241625,0.145721787271891
"346","2023-09-07_Howard_plate_6","Thu Sep 07 2023 (P6)",2023-09-07,"Howard","plate_6",2.342625,0.106026866541323
"347","2023-09-14_Howard_plate_1","Thu Sep 14 2023 (P1)",2023-09-14,"Howard","plate_1",2.341,0.10252804494381
"348","2023-09-14_Howard_plate_2","Thu Sep 14 2023 (P2)",2023-09-14,"Howard","plate_2",2.094125,0.10252168760107
"349","2023-09-14_Howard_plate_3","Thu Sep 14 2023 (P3)",2023-09-14,"Howard","plate_3",2.51525,0.126094918896158
"350","2023-09-14_Howard_plate_4","Thu Sep 14 2023 (P4)",2023-09-14,"Howard","plate_4",3.08,0.168125803237593
"351","2023-09-14_Howard_plate_5","Thu Sep 14 2023 (P5)",2023-09-14,"Howard","plate_5",3.3655,0.179092952720887
"352","2023-09-14_Howard_plate_6","Thu Sep 14 2023 (P6)",2023-09-14,"Howard","plate_6",2.5745,0.0864622130512185
"353","2023-09-14_Howard_plate_7","Thu Sep 14 2023 (P7)",2023-09-14,"Howard","plate_7",2.255125,0.0973497927211822
"354","2023-09-14_Howard_plate_8","Thu Sep 14 2023 (P8)",2023-09-14,"Howard","plate_8",1.6725,0.065430442892761
"355","2023-09-28_Howard_plate_1","Thu Sep 28 2023 (P1)",2023-09-28,"Howard","plate_1",2.506,0.114311604210346
"356","2023-09-28_Howard_plate_2","Thu Sep 28 2023 (P2)",2023-09-28,"Howard","plate_2",2.2115,0.158273723114645
"357","2023-09-28_Howard_plate_3","Thu Sep 28 2023 (P3)",2023-09-28,"Howard","plate_3",2.355125,0.127482701907805
"358","2023-09-28_Howard_plate_4","Thu Sep 28 2023 (P4)",2023-09-28,"Howard","plate_4",2.081125,0.0598723344172534
"359","2023-09-28_Howard_plate_5","Thu Sep 28 2023 (P5)",2023-09-28,"Howard","plate_5",2.16525,0.146071166608218
"360","2023-09-28_Howard_plate_6","Thu Sep 28 2023 (P6)",2023-09-28,"Howard","plate_6",2.936375,0.241381699803444
"361","2023-09-28_Howard_plate_7","Thu Sep 28 2023 (P7)",2023-09-28,"Howard","plate_7",2.4215,0.127698305168303
"362","2023-08-08_Howard_plate_1","Tue Aug 08 2023 (P1)",2023-08-08,"Howard","plate_1",2.402625,0.0996120151961025
"363","2023-08-08_Howard_plate_2","Tue Aug 08 2023 (P2)",2023-08-08,"Howard","plate_2",2.51375,0.106477026361827
"364","2023-08-08_Howard_plate_3","Tue Aug 08 2023 (P3)",2023-08-08,"Howard","plate_3",2.41375,0.138215928377097
"365","2023-08-08_Howard_plate_4","Tue Aug 08 2023 (P4)",2023-08-08,"Howard","plate_4",2.4875,0.144378470892107
"366","2023-08-08_Howard_plate_5","Tue Aug 08 2023 (P5)",2023-08-08,"Howard","plate_5",2.329375,0.15677731022058
"367","2023-08-15_Howard_plate_1","Tue Aug 15 2023 (P1)",2023-08-15,"Howard","plate_1",1.953875,0.101551447200773
"368","2023-08-15_Howard_plate_2","Tue Aug 15 2023 (P2)",2023-08-15,"Howard","plate_2",2.174375,0.122392737296202
"369","2023-08-15_Howard_plate_3","Tue Aug 15 2023 (P3)",2023-08-15,"Howard","plate_3",2.345875,0.168185643603388
"370","2023-08-15_Howard_plate_4","Tue Aug 15 2023 (P4)",2023-08-15,"Howard","plate_4",2.68275,0.153324818604165
"371","2023-11-07_Howard_plate_1","Tue Nov 07 2023 (P1)",2023-11-07,"Howard","plate_1",2.067625,0.0979036516172916
"372","2023-11-07_Howard_plate_2","Tue Nov 07 2023 (P2)",2023-11-07,"Howard","plate_2",2.806375,0.111519296856771
"373","2023-11-07_Howard_plate_3","Tue Nov 07 2023 (P3)",2023-11-07,"Howard","plate_3",2.140625,0.0916249147339303
"374","2023-11-07_Howard_plate_4","Tue Nov 07 2023 (P4)",2023-11-07,"Howard","plate_4",2.029,0.141852035586381
"375","2023-11-07_Howard_plate_5","Tue Nov 07 2023 (P5)",2023-11-07,"Howard","plate_5",2.78475,0.118236747973837
"376","2023-11-07_Howard_plate_6","Tue Nov 07 2023 (P6)",2023-11-07,"Howard","plate_6",2.584,0.123263944444432
"377","2023-11-07_Howard_plate_7","Tue Nov 07 2023 (P7)",2023-11-07,"Howard","plate_7",2.595375,0.156792800035133
"378","2023-09-26_Howard_plate_1","Tue Sep 26 2023 (P1)",2023-09-26,"Howard","plate_1",3.07925,0.169985503583604
"379","2023-09-26_Howard_plate_2","Tue Sep 26 2023 (P2)",2023-09-26,"Howard","plate_2",2.205875,0.0841672442224408
"380","2023-09-26_Howard_plate_3","Tue Sep 26 2023 (P3)",2023-09-26,"Howard","plate_3",3.064,0.151196182869429
"381","2023-09-26_Howard_plate_4","Tue Sep 26 2023 (P4)",2023-09-26,"Howard","plate_4",3.11925,0.130921732344176
"382","2023-09-26_Howard_plate_5","Tue Sep 26 2023 (P5)",2023-09-26,"Howard","plate_5",2.792625,0.147917870551774
"383","2023-09-26_Howard_plate_6","Tue Sep 26 2023 (P6)",2023-09-26,"Howard","plate_6",2.449125,0.157667314757553
"384","2023-09-26_Howard_plate_7","Tue Sep 26 2023 (P7)",2023-09-26,"Howard","plate_7",2.824,0.0724154679609267
"385","2023-08-23_Howard_plate_1","Wed Aug 23 2023 (P1)",2023-08-23,"Howard","plate_1",2.944875,0.149579828185488
"386","2023-08-23_Howard_plate_2","Wed Aug 23 2023 (P2)",2023-08-23,"Howard","plate_2",2.322625,0.120102262973803
"387","2023-08-23_Howard_plate_3","Wed Aug 23 2023 (P3)",2023-08-23,"Howard","plate_3",2.963125,0.123443957787677
"388","2023-08-23_Howard_plate_4","Wed Aug 23 2023 (P4)",2023-08-23,"Howard","plate_4",2.483625,0.0996693641138396
"389","2023-08-23_Howard_plate_5","Wed Aug 23 2023 (P5)",2023-08-23,"Howard","plate_5",0.951,0.0293062645667636
"390","2023-08-23_Howard_plate_6","Wed Aug 23 2023 (P6)",2023-08-23,"Howard","plate_6",2.019125,0.138200100785574
"391","2023-08-23_Howard_plate_7","Wed Aug 23 2023 (P7)",2023-08-23,"Howard","plate_7",2.498875,0.121455973798857
"392","2023-08-23_Howard_plate_8","Wed Aug 23 2023 (P8)",2023-08-23,"Howard","plate_8",2.42425,0.132596864862743
"393","2023-11-15_Howard_plate_1","Wed Nov 15 2023 (P1)",2023-11-15,"Howard","plate_1",2.24825,0.0640396082793408
"394","2023-11-15_Howard_plate_2","Wed Nov 15 2023 (P2)",2023-11-15,"Howard","plate_2",1.86725,0.105145817116721
"395","2023-11-15_Howard_plate_3","Wed Nov 15 2023 (P3)",2023-11-15,"Howard","plate_3",2.4155,0.179229302451198
"396","2023-11-15_Howard_plate_4","Wed Nov 15 2023 (P4)",2023-11-15,"Howard","plate_4",2.70575,0.194587292199964
"397","2023-11-15_Howard_plate_5","Wed Nov 15 2023 (P5)",2023-11-15,"Howard","plate_5",2.177,0.102699283625266
"398","2023-11-15_Howard_plate_6","Wed Nov 15 2023 (P6)",2023-11-15,"Howard","plate_6",2.1765,0.106340423707477
"399","2023-11-15_Howard_plate_7","Wed Nov 15 2023 (P7)",2023-11-15,"Howard","plate_7",2.390625,0.144044573954434
"400","2023-11-15_Howard_plate_8","Wed Nov 15 2023 (P8)",2023-11-15,"Howard","plate_8",2.962375,0.078507392736517
"401","2023-10-04_Howard_plate_1","Wed Oct 04 2023 (P1)",2023-10-04,"Howard","plate_1",2.819625,0.172019880495582
"402","2023-10-04_Howard_plate_2","Wed Oct 04 2023 (P2)",2023-10-04,"Howard","plate_2",2.026875,0.139056450510472
"403","2023-10-04_Howard_plate_3","Wed Oct 04 2023 (P3)",2023-10-04,"Howard","plate_3",2.375125,0.130243110593777
"404","2023-10-04_Howard_plate_4","Wed Oct 04 2023 (P4)",2023-10-04,"Howard","plate_4",2.72275,0.118382853488164
"405","2023-10-04_Howard_plate_5","Wed Oct 04 2023 (P5)",2023-10-04,"Howard","plate_5",2.875625,0.12802894483001
"406","2023-10-04_Howard_plate_6","Wed Oct 04 2023 (P6)",2023-10-04,"Howard","plate_6",1.906875,0.10778608113163
"407","2023-10-25_Howard_plate_1","Wed Oct 25 2023 (P1)",2023-10-25,"Howard","plate_1",3.058375,0.180089610630771
"408","2023-10-25_Howard_plate_2","Wed Oct 25 2023 (P2)",2023-10-25,"Howard","plate_2",1.853125,0.0790125442120246
"409","2023-10-25_Howard_plate_3","Wed Oct 25 2023 (P3)",2023-10-25,"Howard","plate_3",2.18375,0.0941150511721842
"410","2023-10-25_Howard_plate_4","Wed Oct 25 2023 (P4)",2023-10-25,"Howard","plate_4",2.611875,0.103706230009856
"411","2023-10-25_Howard_plate_5","Wed Oct 25 2023 (P5)",2023-10-25,"Howard","plate_5",2.464625,0.104446756771094
"412","2023-09-13_Howard_plate_1","Wed Sep 13 2023 (P1)",2023-09-13,"Howard","plate_1",2.14425,0.112382954986193
"413","2023-09-13_Howard_plate_2","Wed Sep 13 2023 (P2)",2023-09-13,"Howard","plate_2",2.582375,0.223872372761166
"414","2023-09-13_Howard_plate_3","Wed Sep 13 2023 (P3)",2023-09-13,"Howard","plate_3",2.52925,0.135592614632424
"415","2023-09-13_Howard_plate_4","Wed Sep 13 2023 (P4)",2023-09-13,"Howard","plate_4",2.179125,0.160197590047862
"416","2023-09-13_Howard_plate_5","Wed Sep 13 2023 (P5)",2023-09-13,"Howard","plate_5",2.236625,0.0992830549489691
"417","2023-09-13_Howard_plate_6","Wed Sep 13 2023 (P6)",2023-09-13,"Howard","plate_6",3.189375,0.214485389112772
"418","2023-09-13_Howard_plate_7","Wed Sep 13 2023 (P7)",2023-09-13,"Howard","plate_7",2.57725,0.155449348663801
"419","2024-04-19_HowardNew_plate_1","Fri Apr 19 2024 (P1)",2024-04-19,"HowardNew","plate_1",2.345375,0.130046076999105
"420","2024-04-19_HowardNew_plate_2","Fri Apr 19 2024 (P2)",2024-04-19,"HowardNew","plate_2",2.449875,0.106071993745488
"421","2024-04-19_HowardNew_plate_3","Fri Apr 19 2024 (P3)",2024-04-19,"HowardNew","plate_3",2.64675,0.156351938176118
"422","2024-04-19_HowardNew_plate_4","Fri Apr 19 2024 (P4)",2024-04-19,"HowardNew","plate_4",2.569875,0.127195504749859
"423","2024-04-19_HowardNew_plate_5","Fri Apr 19 2024 (P5)",2024-04-19,"HowardNew","plate_5",2.85875,0.084594410487421
"424","2024-04-26_HowardNew_plate_1","Fri Apr 26 2024 (P1)",2024-04-26,"HowardNew","plate_1",2.891375,0.113502595942623
"425","2024-04-26_HowardNew_plate_2","Fri Apr 26 2024 (P2)",2024-04-26,"HowardNew","plate_2",2.45525,0.135422882641218
"426","2024-04-26_HowardNew_plate_3","Fri Apr 26 2024 (P3)",2024-04-26,"HowardNew","plate_3",2.563875,0.153511691039198
"427","2024-04-26_HowardNew_plate_4","Fri Apr 26 2024 (P4)",2024-04-26,"HowardNew","plate_4",2.351625,0.0893339441166042
"428","2024-04-26_HowardNew_plate_5","Fri Apr 26 2024 (P5)",2024-04-26,"HowardNew","plate_5",2.417125,0.080075745391473
"429","2024-04-26_HowardNew_plate_6","Fri Apr 26 2024 (P6)",2024-04-26,"HowardNew","plate_6",2.300375,0.0999884814794755
"430","2024-04-26_HowardNew_plate_7","Fri Apr 26 2024 (P7)",2024-04-26,"HowardNew","plate_7",2.083,0.0961174876313953
"431","2024-07-12_HowardNew_plate_1","Fri Jul 12 2024 (P1)",2024-07-12,"HowardNew","plate_1",2.84375,0.198149114125124
"432","2024-07-12_HowardNew_plate_2","Fri Jul 12 2024 (P2)",2024-07-12,"HowardNew","plate_2",2.484875,0.0894002836364947
"433","2024-07-12_HowardNew_plate_3","Fri Jul 12 2024 (P3)",2024-07-12,"HowardNew","plate_3",2.081625,0.106091520463634
"434","2024-07-12_HowardNew_plate_4","Fri Jul 12 2024 (P4)",2024-07-12,"HowardNew","plate_4",2.889,0.122496647184438
"435","2024-07-12_HowardNew_plate_5","Fri Jul 12 2024 (P5)",2024-07-12,"HowardNew","plate_5",2.004,0.093206376238048
"436","2024-07-12_HowardNew_plate_6","Fri Jul 12 2024 (P6)",2024-07-12,"HowardNew","plate_6",2.941875,0.122619548080347
"437","2024-06-07_HowardNew_plate_1","Fri Jun 07 2024 (P1)",2024-06-07,"HowardNew","plate_1",1.4085,0.0582286134865964
"438","2024-06-07_HowardNew_plate_2","Fri Jun 07 2024 (P2)",2024-06-07,"HowardNew","plate_2",1.894875,0.0461285083837998
"439","2024-06-07_HowardNew_plate_3","Fri Jun 07 2024 (P3)",2024-06-07,"HowardNew","plate_3",3.9965,0.195494976186821
"440","2024-06-07_HowardNew_plate_4","Fri Jun 07 2024 (P4)",2024-06-07,"HowardNew","plate_4",3.173125,0.146711999217125
"441","2024-06-07_HowardNew_plate_5","Fri Jun 07 2024 (P5)",2024-06-07,"HowardNew","plate_5",1.01025,0.0353179436385691
"442","2024-06-07_HowardNew_plate_6","Fri Jun 07 2024 (P6)",2024-06-07,"HowardNew","plate_6",2.485125,0.0942283510566599
"443","2024-05-17_HowardNew_plate_1","Fri May 17 2024 (P1)",2024-05-17,"HowardNew","plate_1",2.099,0.144564370239894
"444","2024-05-17_HowardNew_plate_2","Fri May 17 2024 (P2)",2024-05-17,"HowardNew","plate_2",2.40125,0.133835453342635
"445","2024-05-17_HowardNew_plate_3","Fri May 17 2024 (P3)",2024-05-17,"HowardNew","plate_3",3.19525,0.153732374134867
"446","2024-05-17_HowardNew_plate_4","Fri May 17 2024 (P4)",2024-05-17,"HowardNew","plate_4",2.842875,0.0779146740259588
"447","2024-05-17_HowardNew_plate_5","Fri May 17 2024 (P5)",2024-05-17,"HowardNew","plate_5",1.787125,0.114508187480197
"448","2024-05-17_HowardNew_plate_6","Fri May 17 2024 (P6)",2024-05-17,"HowardNew","plate_6",2.568125,0.118896638784642
"449","2024-05-17_HowardNew_plate_7","Fri May 17 2024 (P7)",2024-05-17,"HowardNew","plate_7",3.40675,0.177337249330196
"450","2024-07-06_HowardNew_plate_1","Sat Jul 06 2024 (P1)",2024-07-06,"HowardNew","plate_1",2.108875,0.0839360938878076
"451","2024-07-06_HowardNew_plate_2","Sat Jul 06 2024 (P2)",2024-07-06,"HowardNew","plate_2",2.833125,0.1812617976456
"452","2024-07-06_HowardNew_plate_3","Sat Jul 06 2024 (P3)",2024-07-06,"HowardNew","plate_3",2.59275,0.141836676699445
"453","2024-07-06_HowardNew_plate_4","Sat Jul 06 2024 (P4)",2024-07-06,"HowardNew","plate_4",2.61525,0.127549150190371
"454","2024-07-06_HowardNew_plate_5","Sat Jul 06 2024 (P5)",2024-07-06,"HowardNew","plate_5",2.470625,0.110289149187812
"455","2024-07-06_HowardNew_plate_6","Sat Jul 06 2024 (P6)",2024-07-06,"HowardNew","plate_6",1.9085,0.0862438403597614
"456","2024-07-06_HowardNew_plate_7","Sat Jul 06 2024 (P7)",2024-07-06,"HowardNew","plate_7",2.237625,0.126480870942154
"457","2024-06-01_HowardNew_plate_1","Sat Jun 01 2024 (P1)",2024-06-01,"HowardNew","plate_1",2.18225,0.0849483036070426
"458","2024-06-01_HowardNew_plate_2","Sat Jun 01 2024 (P2)",2024-06-01,"HowardNew","plate_2",1.41425,0.0427676446460572
"459","2024-06-01_HowardNew_plate_3","Sat Jun 01 2024 (P3)",2024-06-01,"HowardNew","plate_3",2.89225,0.220388455751592
"460","2024-06-01_HowardNew_plate_4","Sat Jun 01 2024 (P4)",2024-06-01,"HowardNew","plate_4",1.34575,0.0265154941227092
"461","2024-06-01_HowardNew_plate_5","Sat Jun 01 2024 (P5)",2024-06-01,"HowardNew","plate_5",1.8755,0.068163668580012
"462","2024-06-01_HowardNew_plate_6","Sat Jun 01 2024 (P6)",2024-06-01,"HowardNew","plate_6",2.60225,0.11923655958999
"463","2024-06-01_HowardNew_plate_7","Sat Jun 01 2024 (P7)",2024-06-01,"HowardNew","plate_7",2.628625,0.137830058405269
"464","2024-06-01_HowardNew_plate_8","Sat Jun 01 2024 (P8)",2024-06-01,"HowardNew","plate_8",3.03675,0.171374068716861
"465","2024-06-29_HowardNew_plate_1","Sat Jun 29 2024 (P1)",2024-06-29,"HowardNew","plate_1",2.927,0.0780622462251394
"466","2024-06-29_HowardNew_plate_2","Sat Jun 29 2024 (P2)",2024-06-29,"HowardNew","plate_2",3.047625,0.197731374416331
"467","2024-06-29_HowardNew_plate_3","Sat Jun 29 2024 (P3)",2024-06-29,"HowardNew","plate_3",2.730625,0.220340604843631
"468","2024-06-29_HowardNew_plate_4","Sat Jun 29 2024 (P4)",2024-06-29,"HowardNew","plate_4",2.9485,0.139792703672259
"469","2024-06-29_HowardNew_plate_5","Sat Jun 29 2024 (P5)",2024-06-29,"HowardNew","plate_5",1.7845,0.146226829666398
"470","2024-06-29_HowardNew_plate_6","Sat Jun 29 2024 (P6)",2024-06-29,"HowardNew","plate_6",2.591125,0.13185320571432
"471","2024-07-04_HowardNew_plate_1","Thu Jul 04 2024 (P1)",2024-07-04,"HowardNew","plate_1",1.746375,0.0711997943415971
"472","2024-07-04_HowardNew_plate_2","Thu Jul 04 2024 (P2)",2024-07-04,"HowardNew","plate_2",2.869875,0.12652209010965
"473","2024-07-04_HowardNew_plate_3","Thu Jul 04 2024 (P3)",2024-07-04,"HowardNew","plate_3",2.075625,0.0878569250868381
"474","2024-07-04_HowardNew_plate_4","Thu Jul 04 2024 (P4)",2024-07-04,"HowardNew","plate_4",2.8105,0.102279728476091
"475","2024-07-04_HowardNew_plate_5","Thu Jul 04 2024 (P5)",2024-07-04,"HowardNew","plate_5",2.3325,0.0716997708703252
"476","2024-07-04_HowardNew_plate_6","Thu Jul 04 2024 (P6)",2024-07-04,"HowardNew","plate_6",2.319625,0.142670386856258
"477","2024-07-04_HowardNew_plate_7","Thu Jul 04 2024 (P7)",2024-07-04,"HowardNew","plate_7",1.23525,0.0870135457435056
"478","2024-07-04_HowardNew_plate_8","Thu Jul 04 2024 (P8)",2024-07-04,"HowardNew","plate_8",2.502375,0.163901483912048
"479","2024-06-13_HowardNew_plate_1","Thu Jun 13 2024 (P1)",2024-06-13,"HowardNew","plate_1",1.70275,0.0410983141816234
"480","2024-06-13_HowardNew_plate_2","Thu Jun 13 2024 (P2)",2024-06-13,"HowardNew","plate_2",2.209125,0.0308796627479733
"481","2024-06-13_HowardNew_plate_3","Thu Jun 13 2024 (P3)",2024-06-13,"HowardNew","plate_3",2.8875,0.237991596490296
"482","2024-06-13_HowardNew_plate_4","Thu Jun 13 2024 (P4)",2024-06-13,"HowardNew","plate_4",2.600375,0.0915375605967299
"483","2024-06-13_HowardNew_plate_5","Thu Jun 13 2024 (P5)",2024-06-13,"HowardNew","plate_5",2.30325,0.0908637127004742
"484","2024-06-27_HowardNew_plate_1","Thu Jun 27 2024 (P1)",2024-06-27,"HowardNew","plate_1",2.362,0.127631165025296
"485","2024-06-27_HowardNew_plate_2","Thu Jun 27 2024 (P2)",2024-06-27,"HowardNew","plate_2",2.25025,0.0658238992637606
"486","2024-06-27_HowardNew_plate_3","Thu Jun 27 2024 (P3)",2024-06-27,"HowardNew","plate_3",1.791625,0.111833980907926
"487","2024-06-27_HowardNew_plate_4","Thu Jun 27 2024 (P4)",2024-06-27,"HowardNew","plate_4",2.11125,0.0755829723832406
"488","2024-05-16_HowardNew_plate_1","Thu May 16 2024 (P1)",2024-05-16,"HowardNew","plate_1",2.241,0.133972278582442
"489","2024-05-16_HowardNew_plate_2","Thu May 16 2024 (P2)",2024-05-16,"HowardNew","plate_2",2.93075,0.185218596721357
"490","2024-05-16_HowardNew_plate_3","Thu May 16 2024 (P3)",2024-05-16,"HowardNew","plate_3",2.206375,0.0841901546670224
"491","2024-05-16_HowardNew_plate_4","Thu May 16 2024 (P4)",2024-05-16,"HowardNew","plate_4",2.537625,0.0597278052023152
"492","2024-05-23_HowardNew_plate_1","Thu May 23 2024 (P1)",2024-05-23,"HowardNew","plate_1",2.38575,0.142863321294966
"493","2024-05-23_HowardNew_plate_2","Thu May 23 2024 (P2)",2024-05-23,"HowardNew","plate_2",2.456375,0.117659238602718
"494","2024-05-23_HowardNew_plate_3","Thu May 23 2024 (P3)",2024-05-23,"HowardNew","plate_3",2.72825,0.127026150288603
"495","2024-05-23_HowardNew_plate_4","Thu May 23 2024 (P4)",2024-05-23,"HowardNew","plate_4",2.28225,0.116757073814456
"496","2024-04-16_HowardNew_plate_1","Tue Apr 16 2024 (P1)",2024-04-16,"HowardNew","plate_1",2.139375,0.153888584464772
"497","2024-04-16_HowardNew_plate_2","Tue Apr 16 2024 (P2)",2024-04-16,"HowardNew","plate_2",2.443875,0.0822199793237629
"498","2024-04-16_HowardNew_plate_3","Tue Apr 16 2024 (P3)",2024-04-16,"HowardNew","plate_3",3.228375,0.203199365508008
"499","2024-04-16_HowardNew_plate_4","Tue Apr 16 2024 (P4)",2024-04-16,"HowardNew","plate_4",2.73125,0.165797423726322
"500","2024-04-16_HowardNew_plate_5","Tue Apr 16 2024 (P5)",2024-04-16,"HowardNew","plate_5",2.056125,0.123056824852818
"501","2024-07-02_HowardNew_plate_1","Tue Jul 02 2024 (P1)",2024-07-02,"HowardNew","plate_1",2.22975,0.0777445450543913
"502","2024-07-02_HowardNew_plate_2","Tue Jul 02 2024 (P2)",2024-07-02,"HowardNew","plate_2",2.99,0.118774696680011
"503","2024-07-02_HowardNew_plate_3","Tue Jul 02 2024 (P3)",2024-07-02,"HowardNew","plate_3",2.537875,0.14485010725377
"504","2024-07-02_HowardNew_plate_4","Tue Jul 02 2024 (P4)",2024-07-02,"HowardNew","plate_4",2.06175,0.0745898307890751
"505","2024-07-02_HowardNew_plate_5","Tue Jul 02 2024 (P5)",2024-07-02,"HowardNew","plate_5",2.584875,0.113654158996241
"506","2024-07-02_HowardNew_plate_6","Tue Jul 02 2024 (P6)",2024-07-02,"HowardNew","plate_6",2.422625,0.149824599830221
"507","2024-07-30_HowardNew_plate_1","Tue Jul 30 2024 (P1)",2024-07-30,"HowardNew","plate_1",2.385625,0.0774466406169896
"508","2024-07-30_HowardNew_plate_2","Tue Jul 30 2024 (P2)",2024-07-30,"HowardNew","plate_2",2.037625,0.103918838523147
"509","2024-07-30_HowardNew_plate_3","Tue Jul 30 2024 (P3)",2024-07-30,"HowardNew","plate_3",2.60125,0.0952856607410431
"510","2024-07-30_HowardNew_plate_4","Tue Jul 30 2024 (P4)",2024-07-30,"HowardNew","plate_4",2.4875,0.0941988777609827
"511","2024-07-30_HowardNew_plate_5","Tue Jul 30 2024 (P5)",2024-07-30,"HowardNew","plate_5",2.6915,0.10361880689748
"512","2024-06-25_HowardNew_plate_1","Tue Jun 25 2024 (P1)",2024-06-25,"HowardNew","plate_1",2.738,0.0758249864584793
"513","2024-06-25_HowardNew_plate_2","Tue Jun 25 2024 (P2)",2024-06-25,"HowardNew","plate_2",3.02025,0.181383374572833
"514","2024-06-25_HowardNew_plate_3","Tue Jun 25 2024 (P3)",2024-06-25,"HowardNew","plate_3",3.2315,0.27047841213038
"515","2024-06-25_HowardNew_plate_4","Tue Jun 25 2024 (P4)",2024-06-25,"HowardNew","plate_4",1.99175,0.114766533200481
"516","2024-06-25_HowardNew_plate_5","Tue Jun 25 2024 (P5)",2024-06-25,"HowardNew","plate_5",2.75,0.130157047995324
"517","2024-06-25_HowardNew_plate_6","Tue Jun 25 2024 (P6)",2024-06-25,"HowardNew","plate_6",2.836,0.209627560892442
"518","2024-06-25_HowardNew_plate_7","Tue Jun 25 2024 (P7)",2024-06-25,"HowardNew","plate_7",1.868125,0.0481825027518141
"519","2024-07-03_HowardNew_plate_1","Wed Jul 03 2024 (P1)",2024-07-03,"HowardNew","plate_1",2.124125,0.0467682355572974
"520","2024-07-03_HowardNew_plate_2","Wed Jul 03 2024 (P2)",2024-07-03,"HowardNew","plate_2",1.961,0.114703344078789
"521","2024-07-03_HowardNew_plate_3","Wed Jul 03 2024 (P3)",2024-07-03,"HowardNew","plate_3",2.634875,0.0674143636665913
"522","2024-07-03_HowardNew_plate_4","Wed Jul 03 2024 (P4)",2024-07-03,"HowardNew","plate_4",2.8695,0.0907035989205657
"523","2024-07-03_HowardNew_plate_5","Wed Jul 03 2024 (P5)",2024-07-03,"HowardNew","plate_5",2.034875,0.105718544798374
"524","2024-07-03_HowardNew_plate_6","Wed Jul 03 2024 (P6)",2024-07-03,"HowardNew","plate_6",2.759,0.181496162887421
"525","2024-07-03_HowardNew_plate_7","Wed Jul 03 2024 (P7)",2024-07-03,"HowardNew","plate_7",3.345875,0.215465898859723
"526","2024-07-03_HowardNew_plate_8","Wed Jul 03 2024 (P8)",2024-07-03,"HowardNew","plate_8",2.517,0.105873239570454
"527","2024-05-29_HowardNew_plate_1","Wed May 29 2024 (P1)",2024-05-29,"HowardNew","plate_1",2.209625,0.0886919830488802
"528","2024-05-29_HowardNew_plate_2","Wed May 29 2024 (P2)",2024-05-29,"HowardNew","plate_2",1.84875,0.0996776948827713
"529","2024-05-29_HowardNew_plate_3","Wed May 29 2024 (P3)",2024-05-29,"HowardNew","plate_3",2.557625,0.115399848353453
"530","2024-05-29_HowardNew_plate_4","Wed May 29 2024 (P4)",2024-05-29,"HowardNew","plate_4",2.69075,0.132214922434216
"531","2023-03-14_Vilanova_plate_1","2023-03-14 plate_1",2023-03-14,"Vilanova","plate_1",1.6715,0.0885082724140195
"532","2023-03-14_Vilanova_plate_2","2023-03-14 plate_2",2023-03-14,"Vilanova","plate_2",2.51775,0.143446107351457
"533","2023-03-14_Vilanova_plate_3","2023-03-14 plate_3",2023-03-14,"Vilanova","plate_3",2.11725,0.118073524309462
"534","2023-03-14_Vilanova_plate_4","2023-03-14 plate_4",2023-03-14,"Vilanova","plate_4",1.69375,0.0614090500542992
"535","2023-03-17_Vilanova_plate_1","2023-03-17 plate_1",2023-03-17,"Vilanova","plate_1",1.951125,0.0983702009176124
"536","2023-03-17_Vilanova_plate_2","2023-03-17 plate_2",2023-03-17,"Vilanova","plate_2",2.126375,0.0935566100589065
"537","2023-03-17_Vilanova_plate_3","2023-03-17 plate_3",2023-03-17,"Vilanova","plate_3",2.952,0.119700817517199
"538","2023-03-17_Vilanova_plate_4","2023-03-17 plate_4",2023-03-17,"Vilanova","plate_4",2.131875,0.0749122105248155
"539","2023-03-17_Vilanova_plate_5","2023-03-17 plate_5",2023-03-17,"Vilanova","plate_5",1.610125,0.053884632052456
"540","2023-03-17_Vilanova_plate_6","2023-03-17 plate_6",2023-03-17,"Vilanova","plate_6",1.625125,0.10956594556965
"541","2023-03-17_Vilanova_plate_7","2023-03-17 plate_7",2023-03-17,"Vilanova","plate_7",1.91775,0.068129603383132
"542","2023-03-20_Vilanova_plate_1","2023-03-20 plate_1",2023-03-20,"Vilanova","plate_1",2.1075,0.061803837143937
"543","2023-03-20_Vilanova_plate_2","2023-03-20 plate_2",2023-03-20,"Vilanova","plate_2",2.263125,0.114635369136854
"544","2023-03-20_Vilanova_plate_3","2023-03-20 plate_3",2023-03-20,"Vilanova","plate_3",1.633875,0.0601556018054132
"545","2023-03-20_Vilanova_plate_4","2023-03-20 plate_4",2023-03-20,"Vilanova","plate_4",1.677625,0.0948712473377923
"546","2023-03-20_Vilanova_plate_5","2023-03-20 plate_5",2023-03-20,"Vilanova","plate_5",2.224375,0.145449979128811
"547","2023-03-21_Vilanova_plate_1","2023-03-21 plate_1",2023-03-21,"Vilanova","plate_1",1.81575,0.104605039485267
"548","2023-03-21_Vilanova_plate_2","2023-03-21 plate_2",2023-03-21,"Vilanova","plate_2",2.73125,0.144519647700334
"549","2023-03-21_Vilanova_plate_3","2023-03-21 plate_3",2023-03-21,"Vilanova","plate_3",0.588625,0.0187840167619784
"550","2023-03-21_Vilanova_plate_4","2023-03-21 plate_4",2023-03-21,"Vilanova","plate_4",1.975375,0.138798865269137
"551","2023-03-21_Vilanova_plate_5","2023-03-21 plate_5",2023-03-21,"Vilanova","plate_5",1.91575,0.0865559274193776
"552","2023-03-21_Vilanova_plate_6","2023-03-21 plate_6",2023-03-21,"Vilanova","plate_6",1.67625,0.0807637648595316
"553","2023-03-30_Vilanova_plate_1","2023-03-30 plate_1",2023-03-30,"Vilanova","plate_1",1.709,0.0930744709512611
"554","2023-03-30_Vilanova_plate_2","2023-03-30 plate_2",2023-03-30,"Vilanova","plate_2",1.625625,0.0551697057140187
"555","2023-03-30_Vilanova_plate_3","2023-03-30 plate_3",2023-03-30,"Vilanova","plate_3",1.56775,0.0457251103255718
"556","2023-03-30_Vilanova_plate_4","2023-03-30 plate_4",2023-03-30,"Vilanova","plate_4",1.92725,0.104179446835051
"557","2023-03-30_Vilanova_plate_5","2023-03-30 plate_5",2023-03-30,"Vilanova","plate_5",2.39625,0.109293510459548
"558","2023-03-30_Vilanova_plate_6","2023-03-30 plate_6",2023-03-30,"Vilanova","plate_6",1.572125,0.0492615106200716
"559","2023-03-30_Vilanova_plate_7","2023-03-30 plate_7",2023-03-30,"Vilanova","plate_7",1.735375,0.0323372297603154
"560","2023-04-01_Vilanova_plate_1","2023-04-01 plate_1",2023-04-01,"Vilanova","plate_1",2.205125,0.0645034605937652
"561","2023-04-01_Vilanova_plate_2","2023-04-01 plate_2",2023-04-01,"Vilanova","plate_2",2.0545,0.120842282098846
"562","2023-04-01_Vilanova_plate_3","2023-04-01 plate_3",2023-04-01,"Vilanova","plate_3",1.08275,0.0463888841364887
"563","2023-04-01_Vilanova_plate_4","2023-04-01 plate_4",2023-04-01,"Vilanova","plate_4",1.883375,0.0548554919766471
"564","2023-04-01_Vilanova_plate_5","2023-04-01 plate_5",2023-04-01,"Vilanova","plate_5",2.0405,0.0953265065820775
"565","2023-04-01_Vilanova_plate_6","2023-04-01 plate_6",2023-04-01,"Vilanova","plate_6",2.143875,0.130139965860937
"566","2023-04-01_Vilanova_plate_7","2023-04-01 plate_7",2023-04-01,"Vilanova","plate_7",3.131125,0.166200771443972
"567","2023-04-09_Vilanova_plate_1","2023-04-09 plate_1",2023-04-09,"Vilanova","plate_1",2.0035,0.0508808131112027
"568","2023-04-09_Vilanova_plate_2","2023-04-09 plate_2",2023-04-09,"Vilanova","plate_2",2.097375,0.0831675374513054
"569","2023-04-09_Vilanova_plate_3","2023-04-09 plate_3",2023-04-09,"Vilanova","plate_3",1.761125,0.0708689686272187
"570","2023-04-09_Vilanova_plate_4","2023-04-09 plate_4",2023-04-09,"Vilanova","plate_4",1.585125,0.0752869510605922
"571","2023-04-09_Vilanova_plate_5","2023-04-09 plate_5",2023-04-09,"Vilanova","plate_5",1.81775,0.0959713498915171
"572","2023-04-16_Vilanova_plate_1","2023-04-16 plate_1",2023-04-16,"Vilanova","plate_1",2.72425,0.142987262169947
"573","2023-04-16_Vilanova_plate_2","2023-04-16 plate_2",2023-04-16,"Vilanova","plate_2",1.797375,0.0852792681220271
"574","2023-04-16_Vilanova_plate_3","2023-04-16 plate_3",2023-04-16,"Vilanova","plate_3",2.296625,0.0880372283265925
"575","2023-04-16_Vilanova_plate_4","2023-04-16 plate_4",2023-04-16,"Vilanova","plate_4",2.187125,0.103713117368468
"576","2023-04-16_Vilanova_plate_5","2023-04-16 plate_5",2023-04-16,"Vilanova","plate_5",2.331,0.0792662781839973
"577","2023-04-16_Vilanova_plate_6","2023-04-16 plate_6",2023-04-16,"Vilanova","plate_6",1.78325,0.093235109879732
"578","2023-04-20_Vilanova_plate_1","2023-04-20 plate_1",2023-04-20,"Vilanova","plate_1",2.50875,0.09705484458358
"579","2023-04-20_Vilanova_plate_2","2023-04-20 plate_2",2023-04-20,"Vilanova","plate_2",1.5375,0.0810995860479131
"580","2023-04-20_Vilanova_plate_3","2023-04-20 plate_3",2023-04-20,"Vilanova","plate_3",2.22275,0.109932121914259
"581","2023-04-20_Vilanova_plate_4","2023-04-20 plate_4",2023-04-20,"Vilanova","plate_4",1.294625,0.0341715733991198
"582","2023-04-20_Vilanova_plate_5","2023-04-20 plate_5",2023-04-20,"Vilanova","plate_5",2.1775,0.145080273346467
"583","2023-04-27_Vilanova_plate_1","2023-04-27 plate_1",2023-04-27,"Vilanova","plate_1",2.049625,0.118082220144634
"584","2023-04-27_Vilanova_plate_2","2023-04-27 plate_2",2023-04-27,"Vilanova","plate_2",2.1395,0.103719401684132
"585","2023-04-27_Vilanova_plate_3","2023-04-27 plate_3",2023-04-27,"Vilanova","plate_3",1.847875,0.0780081268660058
"586","2023-04-27_Vilanova_plate_4","2023-04-27 plate_4",2023-04-27,"Vilanova","plate_4",1.4675,0.0989271015878431
"587","2023-04-27_Vilanova_plate_5","2023-04-27 plate_5",2023-04-27,"Vilanova","plate_5",2.165,0.115810189534427
"588","2023-04-27_Vilanova_plate_6","2023-04-27 plate_6",2023-04-27,"Vilanova","plate_6",2.075375,0.108498765628265
"589","2023-04-27_Vilanova_plate_7","2023-04-27 plate_7",2023-04-27,"Vilanova","plate_7",2.37575,0.125279972176607
"590","2023-08-09_Vilanova_plate_1","2023-08-09 plate_1",2023-08-09,"Vilanova","plate_1",1.72975,0.081608385423488
"591","2023-08-09_Vilanova_plate_2","2023-08-09 plate_2",2023-08-09,"Vilanova","plate_2",1.5605,0.0653058737240162
"592","2023-08-09_Vilanova_plate_3","2023-08-09 plate_3",2023-08-09,"Vilanova","plate_3",2.158375,0.117940587343192
"593","2023-08-09_Vilanova_plate_4","2023-08-09 plate_4",2023-08-09,"Vilanova","plate_4",1.65225,0.0702805602059143
"594","2023-08-09_Vilanova_plate_5","2023-08-09 plate_5",2023-08-09,"Vilanova","plate_5",1.113125,0.0573596112260186
"595","2023-08-09_Vilanova_plate_6","2023-08-09 plate_6",2023-08-09,"Vilanova","plate_6",2.989,0.122378803019851
"596","2023-08-10_Vilanova_plate_1","2023-08-10 plate_1",2023-08-10,"Vilanova","plate_1",2.458625,0.0969549785062266
"597","2023-08-10_Vilanova_plate_2","2023-08-10 plate_2",2023-08-10,"Vilanova","plate_2",2.03325,0.128064436905801
"598","2023-08-10_Vilanova_plate_3","2023-08-10 plate_3",2023-08-10,"Vilanova","plate_3",1.647625,0.0534574263182528
"599","2023-08-10_Vilanova_plate_4","2023-08-10 plate_4",2023-08-10,"Vilanova","plate_4",2.077375,0.123008637908075
"600","2023-08-10_Vilanova_plate_5","2023-08-10 plate_5",2023-08-10,"Vilanova","plate_5",1.67275,0.051996565820666
"601","2023-08-10_Vilanova_plate_6","2023-08-10 plate_6",2023-08-10,"Vilanova","plate_6",1.741375,0.0931909521972416
"602","2023-08-10_Vilanova_plate_7","2023-08-10 plate_7",2023-08-10,"Vilanova","plate_7",1.350625,0.0301469614673566
"603","2023-08-13_Vilanova_plate_1","2023-08-13 plate_1",2023-08-13,"Vilanova","plate_1",1.943625,0.0819109926339909
"604","2023-08-13_Vilanova_plate_2","2023-08-13 plate_2",2023-08-13,"Vilanova","plate_2",1.659,0.066209623814928
"605","2023-08-13_Vilanova_plate_3","2023-08-13 plate_3",2023-08-13,"Vilanova","plate_3",2.016625,0.113192550865455
"606","2023-08-13_Vilanova_plate_4","2023-08-13 plate_4",2023-08-13,"Vilanova","plate_4",2.539875,0.0644059391671295
"607","2023-08-13_Vilanova_plate_5","2023-08-13 plate_5",2023-08-13,"Vilanova","plate_5",1.008125,0.0526808110904042
"608","2023-08-13_Vilanova_plate_6","2023-08-13 plate_6",2023-08-13,"Vilanova","plate_6",2.201375,0.124743093138315
"609","2023-08-17_Vilanova_plate_1","2023-08-17 plate_1",2023-08-17,"Vilanova","plate_1",1.468,0.0748675020095025
"610","2023-08-17_Vilanova_plate_2","2023-08-17 plate_2",2023-08-17,"Vilanova","plate_2",1.669,0.0854684570052435
"611","2023-08-17_Vilanova_plate_3","2023-08-17 plate_3",2023-08-17,"Vilanova","plate_3",2.592875,0.141201413894176
"612","2023-08-17_Vilanova_plate_4","2023-08-17 plate_4",2023-08-17,"Vilanova","plate_4",1.674875,0.124327261118159
"613","2023-08-17_Vilanova_plate_5","2023-08-17 plate_5",2023-08-17,"Vilanova","plate_5",2.185875,0.115905672855128
"614","2023-08-23_Vilanova_plate_1","2023-08-23 plate_1",2023-08-23,"Vilanova","plate_1",2.162625,0.115642228446187
"615","2023-08-23_Vilanova_plate_2","2023-08-23 plate_2",2023-08-23,"Vilanova","plate_2",1.685625,0.111933574051756
"616","2023-08-23_Vilanova_plate_3","2023-08-23 plate_3",2023-08-23,"Vilanova","plate_3",1.862875,0.0752698716049693
"617","2023-08-23_Vilanova_plate_4","2023-08-23 plate_4",2023-08-23,"Vilanova","plate_4",1.51475,0.0641733144360979
"618","2023-08-23_Vilanova_plate_5","2023-08-23 plate_5",2023-08-23,"Vilanova","plate_5",1.916875,0.0610115621360878
"619","2023-09-29_Vilanova_plate_1","2023-09-29 plate_1",2023-09-29,"Vilanova","plate_1",2.327625,0.113260682246122
"620","2023-09-29_Vilanova_plate_2","2023-09-29 plate_2",2023-09-29,"Vilanova","plate_2",1.695875,0.058754787039015
"621","2023-09-29_Vilanova_plate_3","2023-09-29 plate_3",2023-09-29,"Vilanova","plate_3",1.43575,0.0708272546411337
"622","2023-09-29_Vilanova_plate_4","2023-09-29 plate_4",2023-09-29,"Vilanova","plate_4",2.14625,0.0929604370533124
"623","2023-09-29_Vilanova_plate_5","2023-09-29 plate_5",2023-09-29,"Vilanova","plate_5",1.359375,0.0547303454610486
"624","2023-09-29_Vilanova_plate_6","2023-09-29 plate_6",2023-09-29,"Vilanova","plate_6",1.966125,0.0697862808867187
"625","2023-09-29_Vilanova_plate_7","2023-09-29 plate_7",2023-09-29,"Vilanova","plate_7",2.224625,0.114150198673252
"626","2023-10-05_Vilanova_plate_1","2023-10-05 plate_1",2023-10-05,"Vilanova","plate_1",2.402625,0.169915052305557
"627","2023-10-05_Vilanova_plate_2","2023-10-05 plate_2",2023-10-05,"Vilanova","plate_2",2.172375,0.0864455856924706
"628","2023-10-05_Vilanova_plate_3","2023-10-05 plate_3",2023-10-05,"Vilanova","plate_3",2.136875,0.0841791244905767
"629","2023-10-05_Vilanova_plate_4","2023-10-05 plate_4",2023-10-05,"Vilanova","plate_4",2.055125,0.123692519117828
"630","2023-10-10_Vilanova_plate_1","2023-10-10 plate_1",2023-10-10,"Vilanova","plate_1",1.908375,0.117485485425708
"631","2023-10-10_Vilanova_plate_2","2023-10-10 plate_2",2023-10-10,"Vilanova","plate_2",1.945625,0.089619732361637
"632","2023-10-10_Vilanova_plate_3","2023-10-10 plate_3",2023-10-10,"Vilanova","plate_3",1.85175,0.0895588393978266
"633","2023-10-10_Vilanova_plate_4","2023-10-10 plate_4",2023-10-10,"Vilanova","plate_4",1.6745,0.0629239904283618
"634","2023-10-17_Vilanova_plate_1","2023-10-17 plate_1",2023-10-17,"Vilanova","plate_1",2.0745,0.0342761891530716
"635","2023-10-17_Vilanova_plate_2","2023-10-17 plate_2",2023-10-17,"Vilanova","plate_2",1.49275,0.0516298640046907
"636","2023-10-17_Vilanova_plate_3","2023-10-17 plate_3",2023-10-17,"Vilanova","plate_3",1.886625,0.108326144450121
"637","2023-10-17_Vilanova_plate_4","2023-10-17 plate_4",2023-10-17,"Vilanova","plate_4",1.409,0.0518624554539629
"638","2023-10-17_Vilanova_plate_5","2023-10-17 plate_5",2023-10-17,"Vilanova","plate_5",1.734,0.112706952504525
"639","2023-10-17_Vilanova_plate_6","2023-10-17 plate_6",2023-10-17,"Vilanova","plate_6",2.094875,0.0959902338782441
"640","2023-10-17_Vilanova_plate_7","2023-10-17 plate_7",2023-10-17,"Vilanova","plate_7",2.08775,0.116149841645547
"641","2023-10-17_Vilanova_plate_8","2023-10-17 plate_8",2023-10-17,"Vilanova","plate_8",1.7615,0.106710556446599
"642","2023-10-23_Vilanova_plate_1","2023-10-23 plate_1",2023-10-23,"Vilanova","plate_1",1.262125,0.0704788468772217
"643","2023-10-23_Vilanova_plate_2","2023-10-23 plate_2",2023-10-23,"Vilanova","plate_2",2.82325,0.120780497479637
"644","2023-10-23_Vilanova_plate_3","2023-10-23 plate_3",2023-10-23,"Vilanova","plate_3",1.701,0.0512807399099729
"645","2023-10-23_Vilanova_plate_4","2023-10-23 plate_4",2023-10-23,"Vilanova","plate_4",1.308875,0.0464279395561398
"646","2023-10-23_Vilanova_plate_5","2023-10-23 plate_5",2023-10-23,"Vilanova","plate_5",1.915625,0.0600307956683187
"647","2023-10-23_Vilanova_plate_6","2023-10-23 plate_6",2023-10-23,"Vilanova","plate_6",1.82425,0.0909925428655714
"648","2023-11-04_Vilanova_plate_1","2023-11-04 plate_1",2023-11-04,"Vilanova","plate_1",1.7005,0.0730987590279655
"649","2023-11-04_Vilanova_plate_2","2023-11-04 plate_2",2023-11-04,"Vilanova","plate_2",1.74725,0.063177188469076
"650","2023-11-04_Vilanova_plate_3","2023-11-04 plate_3",2023-11-04,"Vilanova","plate_3",3.11525,0.114645727600914
"651","2023-11-04_Vilanova_plate_4","2023-11-04 plate_4",2023-11-04,"Vilanova","plate_4",1.77875,0.071185371691501
"652","2023-11-04_Vilanova_plate_5","2023-11-04 plate_5",2023-11-04,"Vilanova","plate_5",1.97125,0.111813301023243
"653","2023-11-04_Vilanova_plate_6","2023-11-04 plate_6",2023-11-04,"Vilanova","plate_6",2.530375,0.120108210139262
"654","2023-11-04_Vilanova_plate_7","2023-11-04 plate_7",2023-11-04,"Vilanova","plate_7",1.50625,0.0597058264684923
"655","2023-11-10_Vilanova_plate_1","2023-11-10 plate_1",2023-11-10,"Vilanova","plate_1",2.307375,0.114659667214388
"656","2023-11-10_Vilanova_plate_2","2023-11-10 plate_2",2023-11-10,"Vilanova","plate_2",2.192,0.11446022390832
"657","2023-11-10_Vilanova_plate_3","2023-11-10 plate_3",2023-11-10,"Vilanova","plate_3",2.046,0.0539603028690007
"658","2023-11-10_Vilanova_plate_4","2023-11-10 plate_4",2023-11-10,"Vilanova","plate_4",2.453375,0.146945993480598
"659","2023-11-10_Vilanova_plate_5","2023-11-10 plate_5",2023-11-10,"Vilanova","plate_5",2.155,0.129247271316872
"660","2023-11-10_Vilanova_plate_6","2023-11-10 plate_6",2023-11-10,"Vilanova","plate_6",1.52575,0.0743634895054594
"661","2023-11-10_Vilanova_plate_7","2023-11-10 plate_7",2023-11-10,"Vilanova","plate_7",2.44975,0.10466511221169
"662","2023-11-10_Vilanova_plate_8","2023-11-10 plate_8",2023-11-10,"Vilanova","plate_8",2.688875,0.21269927631014
"663","2023-11-20_Vilanova_plate_1","2023-11-20 plate_1",2023-11-20,"Vilanova","plate_1",1.825,0.0603039918129092
"664","2023-11-20_Vilanova_plate_2","2023-11-20 plate_2",2023-11-20,"Vilanova","plate_2",1.078,0.0357411327664439
"665","2023-11-20_Vilanova_plate_3","2023-11-20 plate_3",2023-11-20,"Vilanova","plate_3",1.792125,0.0949021112214355
"666","2023-11-20_Vilanova_plate_4","2023-11-20 plate_4",2023-11-20,"Vilanova","plate_4",1.577375,0.0691456795468813
"667","2023-11-20_Vilanova_plate_5","2023-11-20 plate_5",2023-11-20,"Vilanova","plate_5",2.581125,0.108525754020483
"668","2023-11-20_Vilanova_plate_6","2023-11-20 plate_6",2023-11-20,"Vilanova","plate_6",2.424125,0.161738269612182
"669","2023-11-20_Vilanova_plate_7","2023-11-20 plate_7",2023-11-20,"Vilanova","plate_7",2.139,0.152137156164148
"670","2023-11-28_Vilanova_plate_1","2023-11-28 plate_1",2023-11-28,"Vilanova","plate_1",2.169625,0.0406972708807711
"671","2023-11-28_Vilanova_plate_2","2023-11-28 plate_2",2023-11-28,"Vilanova","plate_2",2.676,0.084770277810091
"672","2023-11-28_Vilanova_plate_3","2023-11-28 plate_3",2023-11-28,"Vilanova","plate_3",2.251375,0.120427734703075
"673","2023-11-28_Vilanova_plate_4","2023-11-28 plate_4",2023-11-28,"Vilanova","plate_4",1.941375,0.144655193477455
"674","2023-11-28_Vilanova_plate_5","2023-11-28 plate_5",2023-11-28,"Vilanova","plate_5",2.01125,0.117261307709382
"675","2023-12-01_Vilanova_plate_1","2023-12-01 plate_1",2023-12-01,"Vilanova","plate_1",2.574125,0.105829293136231
"676","2023-12-01_Vilanova_plate_2","2023-12-01 plate_2",2023-12-01,"Vilanova","plate_2",1.662125,0.028572901747735
"677","2023-12-01_Vilanova_plate_3","2023-12-01 plate_3",2023-12-01,"Vilanova","plate_3",2.888,0.1360787587077
"678","2023-12-01_Vilanova_plate_4","2023-12-01 plate_4",2023-12-01,"Vilanova","plate_4",2.145375,0.0860480555105277
"679","2023-12-01_Vilanova_plate_5","2023-12-01 plate_5",2023-12-01,"Vilanova","plate_5",2.174125,0.104754730544394
"680","2023-12-05_Vilanova_plate_1","2023-12-05 plate_1",2023-12-05,"Vilanova","plate_1",1.51775,0.103114014566401
"681","2023-12-05_Vilanova_plate_2","2023-12-05 plate_2",2023-12-05,"Vilanova","plate_2",2.652125,0.141961199427369
"682","2023-12-05_Vilanova_plate_3","2023-12-05 plate_3",2023-12-05,"Vilanova","plate_3",2.497125,0.126797293233841
"683","2023-12-05_Vilanova_plate_4","2023-12-05 plate_4",2023-12-05,"Vilanova","plate_4",2.399625,0.132467718439518
"684","2023-12-10_Vilanova_plate_1","2023-12-10 plate_1",2023-12-10,"Vilanova","plate_1",1.71875,0.153186860682352
"685","2023-12-10_Vilanova_plate_2","2023-12-10 plate_2",2023-12-10,"Vilanova","plate_2",2.04225,0.119866294559516
"686","2023-12-10_Vilanova_plate_3","2023-12-10 plate_3",2023-12-10,"Vilanova","plate_3",2.62575,0.159534814830046
"687","2023-12-10_Vilanova_plate_4","2023-12-10 plate_4",2023-12-10,"Vilanova","plate_4",2.3,0.152663963378021
"688","2023-12-10_Vilanova_plate_5","2023-12-10 plate_5",2023-12-10,"Vilanova","plate_5",2.401875,0.125192922552127
"689","2023-12-10_Vilanova_plate_6","2023-12-10 plate_6",2023-12-10,"Vilanova","plate_6",2.4215,0.137953408283894
"690","2023-12-10_Vilanova_plate_7","2023-12-10 plate_7",2023-12-10,"Vilanova","plate_7",2.0655,0.115811423073399
"691","2023-12-16_Vilanova_plate_1","2023-12-16 plate_1",2023-12-16,"Vilanova","plate_1",1.99775,0.109332716316494
"692","2023-12-16_Vilanova_plate_2","2023-12-16 plate_2",2023-12-16,"Vilanova","plate_2",2.680125,0.145334527900289
"693","2023-12-16_Vilanova_plate_3","2023-12-16 plate_3",2023-12-16,"Vilanova","plate_3",1.883625,0.0692262078778178
"694","2023-12-16_Vilanova_plate_4","2023-12-16 plate_4",2023-12-16,"Vilanova","plate_4",2.395375,0.152843465676489
"695","2023-12-20_Vilanova_plate_1","2023-12-20 plate_1",2023-12-20,"Vilanova","plate_1",2.040875,0.102648411719673
"696","2023-12-20_Vilanova_plate_2","2023-12-20 plate_2",2023-12-20,"Vilanova","plate_2",2.073875,0.0812429117787251
"697","2023-12-20_Vilanova_plate_3","2023-12-20 plate_3",2023-12-20,"Vilanova","plate_3",1.193,0.0406201920231798
"698","2023-12-20_Vilanova_plate_4","2023-12-20 plate_4",2023-12-20,"Vilanova","plate_4",2.233125,0.0955875626996375
"699","2023-12-20_Vilanova_plate_5","2023-12-20 plate_5",2023-12-20,"Vilanova","plate_5",1.678,0.0799714234675648
"700","2023-12-22_Vilanova_plate_1","2023-12-22 plate_1",2023-12-22,"Vilanova","plate_1",2.836875,0.19188347468488
"701","2023-12-22_Vilanova_plate_2","2023-12-22 plate_2",2023-12-22,"Vilanova","plate_2",1.26775,0.0822952003460712
"702","2023-12-22_Vilanova_plate_3","2023-12-22 plate_3",2023-12-22,"Vilanova","plate_3",1.75325,0.0637489495711778
"703","2023-12-22_Vilanova_plate_4","2023-12-22 plate_4",2023-12-22,"Vilanova","plate_4",2.012875,0.119364313283805
"704","2023-12-22_Vilanova_plate_5","2023-12-22 plate_5",2023-12-22,"Vilanova","plate_5",2.253,0.0662527627456288
"705","2023-12-22_Vilanova_plate_6","2023-12-22 plate_6",2023-12-22,"Vilanova","plate_6",1.958625,0.0968208028119105
